family,k,stride,length,construction,cell,nu_target,nu_true,seed,c_d,assortativity,rho_shared_neighbour,rho_t,lambda,signal_true,signal_hat,measured_rel_mse,predicted_rel_mse,identity_error
exponential,2,1,2,exponential,2_1_2_0.1_0,0.1,0.10510439182692807,0,0.6065306597126334,0.5471484144148019,0.28690577087485475,7.0277274290325735,0.5243655346816868,0.8948956081730719,1.0434484691045631,0.5491560566078235,0.5491560566078235,0.0
exponential,2,1,2,exponential,2_1_2_0.1_1,0.1,0.09795073736464689,1,0.6065306597126334,0.5145954382921863,0.36656097624269335,8.978873514110656,0.7123284603128578,0.9020492626353531,0.7224131379871777,0.6540896115369746,0.6540896115369741,-5.551115123125783e-16
exponential,2,1,2,exponential,2_1_2_0.1_2,0.1,0.10190450627925374,2,0.6065306597126334,0.5435813511138389,0.31228992047373866,7.649509569749973,0.5745044781868127,0.8980954937207463,0.9461742627828246,0.5689822580091912,0.5689822580091917,4.440892098500626e-16
exponential,2,1,2,exponential,2_1_2_0.2_0,0.2,0.19710440800455462,0,0.6065306597126334,0.467534484948947,0.27146258932638906,6.649448281043522,0.580625810641608,0.8028955919954454,0.8052251146608658,0.7006623247653003,0.7006623247653005,2.220446049250313e-16
exponential,2,1,2,exponential,2_1_2_0.2_1,0.2,0.1975147149511714,1,0.6065306597126334,0.5067445001221815,0.2757892957072255,6.755430510042456,0.5442373733523101,0.8024852850488287,0.9311093374584223,0.6244056476092498,0.6244056476092497,-1.1102230246251565e-16
exponential,2,1,2,exponential,2_1_2_0.2_2,0.2,0.2043315367219947,2,0.6065306597126334,0.49765452843490227,0.33983582030310655,8.324243560627668,0.6828749682472952,0.7956684632780053,0.728763758484529,0.6746088532817488,0.6746088532817488,0.0
exponential,2,1,2,exponential,2_1_2_0.3_0,0.3,0.29506715472911577,0,0.6065306597126334,0.4286025521941826,0.250122921990384,6.126735318504026,0.5835777708506583,0.7049328452708843,0.7344394759406713,0.7678563566068266,0.7678563566068267,1.1102230246251565e-16
exponential,2,1,2,exponential,2_1_2_0.3_1,0.3,0.2952258317183592,1,0.6065306597126334,0.4445573658615992,0.2550980043415009,6.2485994503896505,0.5738247162930119,0.7047741682816409,0.7747267645309914,0.7384342704475522,0.7384342704475519,-2.220446049250313e-16
exponential,2,1,2,exponential,2_1_2_0.3_2,0.3,0.2833900116604293,2,0.6065306597126334,0.4442862680175099,0.3022381310403348,7.403292018612582,0.6802779036790378,0.7166099883395707,0.6530952506538104,0.7625465294851476,0.7625465294851477,1.1102230246251565e-16
exponential,2,1,2,exponential,2_1_2_0.5_0,0.5,0.49776646038397726,0,0.6065306597126334,0.2983603738825612,0.19996398506922483,4.898097303531148,0.6702095940794518,0.5022335396160227,0.44517472820180376,1.0032612447694902,1.00326124476949,-2.220446049250313e-16
exponential,2,1,2,exponential,2_1_2_0.5_1,0.5,0.530150729424199,1,0.6065306597126334,0.28332402529706446,0.20010667606757732,4.901592504899667,0.7062820594115378,0.46984927057580095,0.40114855180255493,1.0334052874396595,1.0334052874396598,2.220446049250313e-16
exponential,2,1,2,exponential,2_1_2_0.5_2,0.5,0.5097142273770734,2,0.6065306597126334,0.3073136558911765,0.19767426986659262,4.842010964503725,0.643232951342037,0.4902857726229266,0.4777641680980418,0.9842098231509432,0.9842098231509434,2.220446049250313e-16
exponential,2,1,2,exponential,2_1_2_0.7_0,0.7,0.723346774979065,0,0.6065306597126334,0.22832030194145367,0.12532477135349324,3.0698174194702874,0.5488989384116585,0.27665322502093503,0.41596054567374663,1.1060217817938394,1.1060217817938391,-2.220446049250313e-16
exponential,2,1,2,exponential,2_1_2_0.7_1,0.7,0.7389909572724082,1,0.6065306597126334,0.15443295255117953,0.10895293124555479,2.6687908753214726,0.7055031289999294,0.26100904272759184,0.21889761533742963,1.2456105605204184,1.2456105605204184,0.0
exponential,2,1,2,exponential,2_1_2_0.7_2,0.7,0.719961682716857,2,0.6065306597126334,0.08992474617247284,0.09162530050617586,2.2443523376930408,1.018910860537114,0.280038317283143,0.0882557539185218,1.3659631579081422,1.3659631579081424,2.220446049250313e-16
exponential,2,1,4,exponential,2_1_4_0.1_0,0.1,0.10431323195797984,0,0.7788007830714049,0.6773158356772346,0.516915724672621,12.661797654689186,0.763182694755346,0.8956867680420202,0.8874884615856787,0.40382619098184097,0.40382619098184125,2.7755575615628914e-16
exponential,2,1,4,exponential,2_1_4_0.1_1,0.1,0.10173767760826985,1,0.7788007830714049,0.7178184330989636,0.5371158164169265,13.15659682999874,0.7482613870726218,0.8982623223917301,0.9593150809334713,0.3329210420105361,0.33292104201053596,-1.1102230246251565e-16
exponential,2,1,4,exponential,2_1_4_0.1_2,0.1,0.1009360968193368,2,0.7788007830714049,0.7013871012098556,0.5659630101650013,13.863205881938622,0.8069196156997257,0.8990639031806632,0.8692155793010969,0.38020730266278885,0.38020730266278946,6.106226635438361e-16
exponential,2,1,4,exponential,2_1_4_0.2_0,0.2,0.19676018219080824,0,0.7788007830714049,0.5782938975965708,0.396304943097977,9.707448931327656,0.6853002335750863,0.8032398178091917,0.84385480883279,0.5415646763558472,0.5415646763558468,-3.3306690738754696e-16
exponential,2,1,4,exponential,2_1_4_0.2_1,0.2,0.20168337287368296,1,0.7788007830714049,0.5986436896609171,0.473188993017992,11.590715847954723,0.7904351138922303,0.798316627126317,0.7573596860001559,0.5393071171871615,0.5393071171871617,2.220446049250313e-16
exponential,2,1,4,exponential,2_1_4_0.2_2,0.2,0.18875741719222894,2,0.7788007830714049,0.5982386812580768,0.4107854599736035,10.062147706898115,0.6866581397072734,0.8112425828077711,0.8712321993490234,0.5089153674706487,0.5089153674706481,-5.551115123125783e-16
exponential,2,1,4,exponential,2_1_4_0.3_0,0.3,0.32095441096329086,0,0.7788007830714049,0.5411544074657779,0.4421770620812968,10.831081780621371,0.817099622549521,0.6790455890367091,0.6622869384974912,0.6387797161090921,0.6387797161090925,3.3306690738754696e-16
exponential,2,1,4,exponential,2_1_4_0.3_1,0.3,0.28871061531906445,1,0.7788007830714049,0.5318408821211192,0.4211552707307856,10.316155157741319,0.791882092725007,0.7112893846809356,0.6716162507109616,0.6468958711231546,0.6468958711231543,-3.3306690738754696e-16
exponential,2,1,4,exponential,2_1_4_0.3_2,0.3,0.28554981422053377,2,0.7788007830714049,0.569181494278949,0.4254787606355915,10.422058599489803,0.7475273966427823,0.7144501857794663,0.7614189083038267,0.5743763917598979,0.5743763917598976,-2.220446049250313e-16
exponential,2,1,4,exponential,2_1_4_0.5_0,0.5,0.48639718788553576,0,0.7788007830714049,0.37910860715494116,0.31770842700972557,7.782235331561008,0.8380406590976675,0.5136028121144642,0.4523749570374471,0.9006369991949806,0.9006369991949804,-2.220446049250313e-16
exponential,2,1,4,exponential,2_1_4_0.5_1,0.5,0.5542233656738788,1,0.7788007830714049,0.2914119583894939,0.2019918461929038,4.947769553753552,0.6931487894636313,0.44577663432612125,0.4204176113688271,1.0181720063174642,1.0181720063174642,0.0
exponential,2,1,4,exponential,2_1_4_0.5_2,0.5,0.49558579124734264,2,0.7788007830714049,0.3610600021447591,0.27035459727363353,6.622308129360423,0.7487802461299515,0.5044142087526573,0.48219755263428354,0.9130572943472988,0.9130572943472985,-2.220446049250313e-16
exponential,2,1,4,exponential,2_1_4_0.7_0,0.7,0.6828641590489349,0,0.7788007830714049,0.19015929337907872,0.21251447631255066,5.205520299205315,1.117560296613573,0.31713584095106506,0.1701557347333282,1.2259386513981179,1.2259386513981179,0.0
exponential,2,1,4,exponential,2_1_4_0.7_1,0.7,0.7894606122291131,1,0.7788007830714049,0.216197663355161,0.14408791008926453,3.5294185782271823,0.6664637714079388,0.21053938777088688,0.3243952224116134,1.1396486283343104,1.1396486283343104,0.0
exponential,2,1,4,exponential,2_1_4_0.7_2,0.7,0.718974140141498,2,0.7788007830714049,0.24496853091535697,0.27004221742745294,6.614656417069708,1.1023547245779075,0.28102585985850204,0.22222296095220678,1.1450840468830126,1.1450840468830126,0.0
exponential,2,1,8,exponential,2_1_8_0.1_0,0.1,0.102065620139489,0,0.8824969025845955,0.8025308571807082,0.7215793579772903,17.67501235969444,0.8991297362847822,0.8979343798605111,0.8925640258510167,0.25572796462722847,0.2557279646272288,3.3306690738754696e-16
exponential,2,1,8,exponential,2_1_8_0.1_1,0.1,0.10170966290404788,1,0.8824969025845955,0.7714257030329601,0.664228134067802,16.270200012670905,0.8610396716836152,0.8982903370959521,0.8959235310546952,0.2892626609679808,0.2892626609679807,-1.1102230246251565e-16
exponential,2,1,8,exponential,2_1_8_0.1_2,0.1,0.10095472600634489,2,0.8824969025845955,0.7861997937887314,0.681370314640343,16.69009596748467,0.866663054383148,0.8990452739936551,0.9071573892674049,0.26828556974270795,0.2682855697427087,7.216449660063518e-16
exponential,2,1,8,exponential,2_1_8_0.2_0,0.2,0.18892193626321477,0,0.8824969025845955,0.6735797933432632,0.5724760363378386,14.022741789987055,0.8499008461883875,0.8110780637367853,0.792539266626355,0.43907843148239256,0.4390784314823928,2.220446049250313e-16
exponential,2,1,8,exponential,2_1_8_0.2_1,0.2,0.19030659198950983,1,0.8824969025845955,0.7111814347813843,0.6488708601676192,15.89402516371481,0.9123844189873724,0.8096934080104902,0.7794756464284022,0.402072560521041,0.4020725605210411,1.1102230246251565e-16
exponential,2,1,8,exponential,2_1_8_0.2_2,0.2,0.20372394403900168,2,0.8824969025845955,0.6933489049252108,0.610215731207788,14.947171744784137,0.8800990769194478,0.7962760559609983,0.7878077856326061,0.4184100557534726,0.41841005575347223,-3.885780586188048e-16
exponential,2,1,8,exponential,2_1_8_0.3_0,0.3,0.3060435241503219,0,0.8824969025845955,0.6135870283138318,0.5454348134832263,13.360369809840186,0.8889282014030002,0.6939564758496781,0.690254879241545,0.5455433501139489,0.5455433501139495,5.551115123125783e-16
exponential,2,1,8,exponential,2_1_8_0.3_1,0.3,0.2867043549658446,1,0.8824969025845955,0.6368253964492624,0.5550879715329524,13.596822926122877,0.8716486098512213,0.7132956450341554,0.730598763368601,0.5038931928679515,0.5038931928679513,-2.220446049250313e-16
exponential,2,1,8,exponential,2_1_8_0.3_2,0.3,0.2948500353901719,2,0.8824969025845955,0.6255058647297734,0.5001735148027654,12.251698941211838,0.799630415965559,0.705149964609828,0.782243711895915,0.49907502794183584,0.4990750279418359,5.551115123125783e-17
exponential,2,1,8,exponential,2_1_8_0.5_0,0.5,0.4861681786897157,0,0.8824969025845955,0.44976521675374637,0.4232246839063978,10.366845221213742,0.9409902503379225,0.5138318213102844,0.4779701134971691,0.8120819084457062,0.812081908445706,-1.1102230246251565e-16
exponential,2,1,8,exponential,2_1_8_0.5_1,0.5,0.506263979367604,1,0.8824969025845955,0.40931444964224833,0.3182847902711746,7.796353290531373,0.7776045789474668,0.49373602063239597,0.526378651468693,0.8405134958510905,0.8405134958510906,1.1102230246251565e-16
exponential,2,1,8,exponential,2_1_8_0.5_2,0.5,0.5088414803089818,2,0.8824969025845955,0.4050163218617656,0.3135677836167855,7.680810696365712,0.7742102396648795,0.4911585196910182,0.523134803844856,0.8467512480848617,0.8467512480848616,-1.1102230246251565e-16
exponential,2,1,8,exponential,2_1_8_0.7_0,0.7,0.7168399775176246,0,0.8824969025845955,0.19652801733715677,0.197090645128848,4.827715136416325,1.0028628375705129,0.2831600224823754,0.19596699565940248,1.2054892878901102,1.2054892878901105,2.220446049250313e-16
exponential,2,1,8,exponential,2_1_8_0.7_1,0.7,0.7080821970266801,1,0.8824969025845955,0.2742116914358222,0.2357926112847956,5.775715827661679,0.8598926254753861,0.29191780297331993,0.3188906187958363,1.069472922770753,1.0694729227707533,4.440892098500626e-16
exponential,2,1,8,exponential,2_1_8_0.7_2,0.7,0.6796793073284809,2,0.8824969025845955,0.3081269142409667,0.25997414609276226,6.368040042430366,0.8437242385436438,0.3203206926715191,0.36519860419421635,1.013733244564448,1.0137332445644478,-2.220446049250313e-16
exponential,2,1,16,exponential,2_1_16_0.1_0,0.1,0.09710532516800785,0,0.9394130628134758,0.8635797269105375,0.8201377205837596,20.089189342394953,0.949695430574555,0.9028946748319922,0.9093228198308604,0.18290940647080575,0.18290940647080478,-9.71445146547012e-16
exponential,2,1,16,exponential,2_1_16_0.1_1,0.1,0.10087739824101136,1,0.9394130628134758,0.8196573297168612,0.7408313688979598,18.14658839247573,0.9038305911982379,0.8991226017589886,0.9068705327070359,0.23110102501525767,0.23110102501525742,-2.498001805406602e-16
exponential,2,1,16,exponential,2_1_16_0.1_2,0.1,0.09800659610103735,2,0.9394130628134758,0.8256385415782069,0.7665277778122073,18.776019293093846,0.9284060023978417,0.9019934038989627,0.889307629900914,0.23198680574968955,0.23198680574968988,3.3306690738754696e-16
exponential,2,1,16,exponential,2_1_16_0.2_0,0.2,0.19606946639903033,0,0.9394130628134758,0.7452128060454224,0.6779961187859093,16.607445386128898,0.9098020233761037,0.8039305336009697,0.8190933707534285,0.34857244730210984,0.3485724473021099,5.551115123125783e-17
exponential,2,1,16,exponential,2_1_16_0.2_1,0.2,0.19585128871207844,1,0.9394130628134758,0.777734559274763,0.7204450829296211,17.64722840874683,0.9263380086921117,0.8041487112879215,0.8395796695990478,0.3047534229152841,0.3047534229152846,4.996003610813204e-16
exponential,2,1,16,exponential,2_1_16_0.2_2,0.2,0.19844315268468832,2,0.9394130628134758,0.7468104662473773,0.6803181010251441,16.664322102908205,0.9109648723104424,0.8015568473153116,0.8198016070073841,0.3465381180178178,0.3465381180178173,-4.996003610813204e-16
exponential,2,1,16,exponential,2_1_16_0.3_0,0.3,0.29737138248415795,0,0.9394130628134758,0.6923781660044553,0.6556661984314159,16.06047627747393,0.9469769998888106,0.702628617515842,0.7311457047908777,0.4430767672067977,0.44307676720679723,-4.440892098500626e-16
exponential,2,1,16,exponential,2_1_16_0.3_1,0.3,0.276369747124393,1,0.9394130628134758,0.6830859674534283,0.6538298467936922,16.015495032466458,0.9571706607166823,0.723630252875607,0.7136511757913339,0.46074298848998935,0.4607429884899894,5.551115123125783e-17
exponential,2,1,16,exponential,2_1_16_0.3_2,0.3,0.28215224419733487,2,0.9394130628134758,0.6440169057623517,0.5781507276899079,14.161742772590598,0.8977260107877525,0.7178477558026651,0.7173869287771092,0.5010415523202502,0.5010415523202505,3.3306690738754696e-16
exponential,2,1,16,exponential,2_1_16_0.5_0,0.5,0.554691905593839,0,0.9394130628134758,0.4215545693843228,0.41292980524651973,10.114673224408055,0.9795405749001856,0.44530809440616104,0.4303594768672843,0.8633557638546141,0.8633557638546143,2.220446049250313e-16
exponential,2,1,16,exponential,2_1_16_0.5_1,0.5,0.5182278183599395,1,0.9394130628134758,0.42243589343835053,0.3921018289656184,9.604494081778062,0.928192502237836,0.4817721816400605,0.4551166836834752,0.8511791276061083,0.851179127606108,-2.220446049250313e-16
exponential,2,1,16,exponential,2_1_16_0.5_2,0.5,0.5475293715029208,2,0.9394130628134758,0.4164883155353343,0.4050623977400948,9.921961884515222,0.9725660543908581,0.4524706284970792,0.42823653329767003,0.8695545677993788,0.8695545677993788,0.0
exponential,2,1,16,exponential,2_1_16_0.7_0,0.7,0.7476414165395665,0,0.9394130628134758,0.2438024057579301,0.23421106250977783,5.736975952640505,0.9606593576534456,0.2523585834604335,0.2537865309025397,1.1295007197390283,1.1295007197390288,4.440892098500626e-16
exponential,2,1,16,exponential,2_1_16_0.7_1,0.7,0.675420558380343,1,0.9394130628134758,0.27414782446226227,0.2607466979169542,6.386963620121632,0.9511171515893142,0.324579441619657,0.2882377044764275,1.0820777000339528,1.0820777000339525,-2.220446049250313e-16
exponential,2,1,16,exponential,2_1_16_0.7_2,0.7,0.7074888699202532,2,0.9394130628134758,0.3280654930900447,0.26623094922106316,6.521299793284234,0.811517684208227,0.29251113007974683,0.40426166856749174,0.9769844884304427,0.9769844884304423,-4.440892098500626e-16
exponential,2,1,32,exponential,2_1_32_0.1_0,0.1,0.09722781853653586,0,0.9692332344763441,0.8756753463408944,0.8579180356449165,21.01461428460916,0.9797215820107547,0.9027721814634642,0.8938002004035488,0.17760832514066874,0.1776083251406695,7.494005416219807e-16
exponential,2,1,32,exponential,2_1_32_0.1_1,0.1,0.10138149737084148,1,0.9692332344763441,0.8243286507419713,0.7850607220392954,19.2299818609721,0.952363746343972,0.8986185026291585,0.865560720792329,0.24387305953570523,0.24387305953570526,2.7755575615628914e-17
exponential,2,1,32,exponential,2_1_32_0.1_2,0.1,0.10528363139847159,2,0.9692332344763441,0.8685688594406739,0.8319921489584534,20.379562349498656,0.9578885311341067,0.8947163686015284,0.9067535847958411,0.17885835559787946,0.17885835559787888,-5.828670879282072e-16
exponential,2,1,32,exponential,2_1_32_0.2_0,0.2,0.2097396524387128,0,0.9692332344763441,0.7727249480352534,0.7498043428337197,18.36638046865478,0.9703379510913784,0.7902603475612873,0.7963462082114158,0.3294522753463533,0.32945227534635313,-1.6653345369377348e-16
exponential,2,1,32,exponential,2_1_32_0.2_1,0.2,0.20719946465580563,1,0.9692332344763441,0.751307339634122,0.7364641686744807,18.039614270954807,0.9802435432523929,0.7928005353441944,0.766449669376374,0.3656174050689964,0.3656174050689964,0.0
exponential,2,1,32,exponential,2_1_32_0.2_2,0.2,0.1942139255254889,2,0.9692332344763441,0.7835056506352945,0.739414931192019,18.111892896155798,0.9437263542291938,0.8057860744745111,0.8302254643246001,0.3026961643254201,0.30269616432542046,3.3306690738754696e-16
exponential,2,1,32,exponential,2_1_32_0.3_0,0.3,0.31579313996906333,0,0.9692332344763441,0.6450200395088029,0.6649759254784481,16.288517086572096,1.0309383968672383,0.6842068600309367,0.6256630284300749,0.5424478837216185,0.5424478837216182,-2.220446049250313e-16
exponential,2,1,32,exponential,2_1_32_0.3_1,0.3,0.30129204488471295,1,0.9692332344763441,0.6484385829738492,0.6452378699703197,15.805035441475642,0.9950639689130613,0.698707955115287,0.6516551731665637,0.5257417690374618,0.5257417690374615,-3.3306690738754696e-16
exponential,2,1,32,exponential,2_1_32_0.3_2,0.3,0.30580433262266654,2,0.9692332344763441,0.6638860134632057,0.5906367343632217,14.467586225336643,0.8896658799635283,0.6941956673773335,0.746219483532876,0.4675463402551992,0.46754634025519937,1.6653345369377348e-16
exponential,2,1,32,exponential,2_1_32_0.5_0,0.5,0.5046227061870424,0,0.9692332344763441,0.45714760798724074,0.39736784623922344,9.733484634748208,0.8692331301672571,0.4953772938129576,0.5259205984236667,0.7843887071451302,0.7843887071451303,1.1102230246251565e-16
exponential,2,1,32,exponential,2_1_32_0.5_1,0.5,0.5121342528012413,1,0.9692332344763441,0.4737225440462325,0.4607936149047266,11.287092332491095,0.9727078026916868,0.48786574719875875,0.4870142325735876,0.7829517193598985,0.7829517193598983,-2.220446049250313e-16
exponential,2,1,32,exponential,2_1_32_0.5_2,0.5,0.4736682170703416,2,0.9692332344763441,0.4899027840225613,0.5012498702031387,12.278064156339877,1.023161914058555,0.5263317829296583,0.47881256846169556,0.7708193670564468,0.7708193670564466,-2.220446049250313e-16
exponential,2,1,32,exponential,2_1_32_0.7_0,0.7,0.7053594615873996,0,0.9692332344763441,0.3014629636335228,0.24694729191822215,6.0489485856176834,0.8191629543535792,0.2946405384126004,0.3680134239852367,1.0205477186920653,1.0205477186920655,2.220446049250313e-16
exponential,2,1,32,exponential,2_1_32_0.7_1,0.7,0.7389636210022854,1,0.9692332344763441,0.2192485582938411,0.17546083533648957,4.2978951641689935,0.8002827325383531,0.2610363789977146,0.27396387474014844,1.1492333010805624,1.1492333010805624,0.0
exponential,2,1,32,exponential,2_1_32_0.7_2,0.7,0.6896920359447527,2,0.9692332344763441,0.2715745444166985,0.3469291322347384,8.497993508816606,1.2774729420236728,0.3103079640552473,0.21258731632036865,1.1303154772839723,1.1303154772839723,0.0
squared_exponential,2,1,2,squared_exponential,2_1_2_0.1_0,0.1,0.0983796846654455,0,0.7788007830714049,0.7025838165299156,0.3256282135691037,7.976229690983296,0.4634724084272138,0.9016203153345546,1.5159129297774652,0.257646473724721,0.2576464737247206,-3.885780586188048e-16
squared_exponential,2,1,2,squared_exponential,2_1_2_0.1_1,0.1,0.09969499700039261,1,0.7788007830714049,0.7079458438808125,0.3534236211598065,8.657075348882339,0.4992240920893206,0.9003050029996074,1.4180923058379715,0.26082012281827865,0.26082012281827827,-3.885780586188048e-16
squared_exponential,2,1,2,squared_exponential,2_1_2_0.1_2,0.1,0.09964646699686656,2,0.7788007830714049,0.6627097572843408,0.2555461594365452,6.259576963474521,0.385607962803694,0.9003535330031335,1.7186101460817451,0.30235356514959094,0.302353565149591,5.551115123125783e-17
squared_exponential,2,1,2,squared_exponential,2_1_2_0.2_0,0.2,0.2038945454403555,0,0.7788007830714049,0.6005686939665251,0.2629328628649618,6.440513506283399,0.43780647494026276,0.7961054545596444,1.371767500808367,0.4303290434994307,0.4303290434994307,0.0
squared_exponential,2,1,2,squared_exponential,2_1_2_0.2_1,0.2,0.2004052165090433,1,0.7788007830714049,0.6173391934432484,0.24572458995187538,6.018998626367211,0.3980382139376749,0.7995947834909567,1.5509545863350491,0.38818390808944025,0.3881839080894409,6.661338147750939e-16
squared_exponential,2,1,2,squared_exponential,2_1_2_0.2_2,0.2,0.20094102188637777,2,0.7788007830714049,0.6278764171853106,0.2836456285577395,6.947870577374702,0.45175391334060044,0.7990589781136223,1.3898638144434234,0.3860699799082481,0.38606997990824854,4.440892098500626e-16
squared_exponential,2,1,2,squared_exponential,2_1_2_0.3_0,0.3,0.31895883866215696,0,0.7788007830714049,0.5541933364240773,0.3168635260316973,7.761539568767531,0.571756290099505,0.6810411613378431,0.9692824478199074,0.5500450901676941,0.5500450901676941,0.0
squared_exponential,2,1,2,squared_exponential,2_1_2_0.3_1,0.3,0.29018874652275156,1,0.7788007830714049,0.5311397563314746,0.18077247070564686,4.428003127710546,0.34034822012613586,0.7098112534772485,1.5605774466357716,0.5281067226898742,0.5281067226898744,1.1102230246251565e-16
squared_exponential,2,1,2,squared_exponential,2_1_2_0.3_2,0.3,0.29081536448381035,2,0.7788007830714049,0.5495733856921557,0.2587731042945541,6.338620646776718,0.47086178303311466,0.7091846355161897,1.167164984492924,0.5302397807629656,0.5302397807629655,-1.1102230246251565e-16
squared_exponential,2,1,2,squared_exponential,2_1_2_0.5_0,0.5,0.4821084353332269,0,0.7788007830714049,0.4191885158832663,0.11752738034858703,2.878821126600412,0.28036879803576376,0.5178915646667731,1.4951325497703731,0.7203866584077611,0.7203866584077611,0.0
squared_exponential,2,1,2,squared_exponential,2_1_2_0.5_1,0.5,0.4959026112441611,1,0.7788007830714049,0.40283889032868614,0.13461474671621526,3.297374413087248,0.3341652207570619,0.5040973887558389,1.2055081298288368,0.7616295927007352,0.7616295927007353,1.1102230246251565e-16
squared_exponential,2,1,2,squared_exponential,2_1_2_0.5_2,0.5,0.4903276260756898,2,0.7788007830714049,0.3756026911024972,0.16377532188546112,4.011659710794504,0.4360334091450077,0.5096723739243102,0.8614080554950926,0.8306822787377356,0.8306822787377361,5.551115123125783e-16
squared_exponential,2,1,2,squared_exponential,2_1_2_0.7_0,0.7,0.69744177628993,0,0.7788007830714049,0.275998492908981,0.0957542340556456,2.3454901414736358,0.3469375250799776,0.30255822371007,0.7955279350233347,0.995880131209861,0.9958801312098607,-2.220446049250313e-16
squared_exponential,2,1,2,squared_exponential,2_1_2_0.7_1,0.7,0.6703066290008366,1,0.7788007830714049,0.24316379840026336,0.08699961436891335,2.1310466302274524,0.3577819352274895,0.3296933709991634,0.679642470617338,1.05717221038393,1.05717221038393,0.0
squared_exponential,2,1,2,squared_exponential,2_1_2_0.7_2,0.7,0.7128003923951999,2,0.7788007830714049,0.23516419074383274,0.13990575692597057,3.4269771654648147,0.5949279798231341,0.2871996076048001,0.3952817798445866,1.09962449697532,1.0996244969753197,-2.220446049250313e-16
squared_exponential,2,1,4,squared_exponential,2_1_4_0.1_0,0.1,0.09569344890630102,0,0.9394130628134758,0.848785304551852,0.709859276697343,17.387930170896276,0.8363237121219244,0.904306551093699,1.0149004413593752,0.15735902924496617,0.15735902924496759,1.4155343563970746e-15
squared_exponential,2,1,4,squared_exponential,2_1_4_0.1_1,0.1,0.09829037592067913,1,0.9394130628134758,0.8414279970215104,0.6964912148279468,17.060480866596507,0.827749037699469,0.9017096240793209,1.0165254910595352,0.16538961337095243,0.1653896133709527,2.7755575615628914e-16
squared_exponential,2,1,4,squared_exponential,2_1_4_0.1_2,0.1,0.09955831040781511,2,0.9394130628134758,0.8589384866109223,0.7325351259742244,17.94337277302246,0.8528377030403629,0.9004416895921848,1.007153510625539,0.1483905897652688,0.14839058976526753,-1.27675647831893e-15
squared_exponential,2,1,4,squared_exponential,2_1_4_0.2_0,0.2,0.20080312404938264,0,0.9394130628134758,0.7667253138677781,0.6674755384375909,16.34974484961558,0.8705536733494326,0.7991968759506174,0.8807329603444465,0.30028714148323943,0.3002871414832393,-1.1102230246251565e-16
squared_exponential,2,1,4,squared_exponential,2_1_4_0.2_1,0.2,0.18703692452676635,1,0.9394130628134758,0.753653972006472,0.6355132763469425,15.56683251814367,0.8432427877411692,0.8129630754732337,0.8937567957448143,0.31044869416052706,0.31044869416052734,2.7755575615628914e-16
squared_exponential,2,1,4,squared_exponential,2_1_4_0.2_2,0.2,0.19709831469835642,2,0.9394130628134758,0.7497041424164558,0.6468855720558008,15.845395735051124,0.8628544721264992,0.8029016853016435,0.8688651060344101,0.32403450119498955,0.3240345011949888,-7.771561172376096e-16
squared_exponential,2,1,4,squared_exponential,2_1_4_0.3_0,0.3,0.28001028871191586,0,0.9394130628134758,0.6674874037159381,0.5370863346461916,13.155874677048597,0.8046389065264802,0.7199897112880842,0.8295490042824215,0.43356835989121956,0.43356835989121967,1.1102230246251565e-16
squared_exponential,2,1,4,squared_exponential,2_1_4_0.3_1,0.3,0.3202895500138767,1,0.9394130628134758,0.6401004076232365,0.5343552376215378,13.088976735564247,0.8347990897329027,0.6797104499861233,0.7667718083258083,0.486976803564296,0.48697680356429585,-1.6653345369377348e-16
squared_exponential,2,1,4,squared_exponential,2_1_4_0.3_2,0.3,0.32054051592594945,2,0.9394130628134758,0.6348252387442882,0.5336015396109958,13.070514980104457,0.8405487164727141,0.6794594840740505,0.755250976300665,0.4971502923169214,0.49715029231692154,1.1102230246251565e-16
squared_exponential,2,1,4,squared_exponential,2_1_4_0.5_0,0.5,0.5189639834865952,0,0.9394130628134758,0.4447066965024415,0.36101207121626605,8.84295365465154,0.8117981448347361,0.4810360165134048,0.547804524230557,0.7910926426032502,0.79109264260325,-2.220446049250313e-16
squared_exponential,2,1,4,squared_exponential,2_1_4_0.5_1,0.5,0.5493602330136085,1,0.9394130628134758,0.43867747192147627,0.33366607045638663,8.173116170976883,0.760618203152482,0.4506397669863915,0.5767380666191263,0.7894780913852406,0.7894780913852407,1.1102230246251565e-16
squared_exponential,2,1,4,squared_exponential,2_1_4_0.5_2,0.5,0.4959885971688839,2,0.9394130628134758,0.5066780422804495,0.38015480989699246,9.31185307512372,0.7502887004654809,0.5040114028311161,0.675310772994589,0.6767213203875975,0.676721320387597,-4.440892098500626e-16
squared_exponential,2,1,4,squared_exponential,2_1_4_0.7_0,0.7,0.7047102018670577,0,0.9394130628134758,0.24643810568642366,0.20631283664441671,5.053611771650001,0.8371791207766233,0.2952897981329423,0.2943672382295096,1.1102802069493614,1.1102802069493611,-2.220446049250313e-16
squared_exponential,2,1,4,squared_exponential,2_1_4_0.7_1,0.7,0.7220114542867623,1,0.9394130628134758,0.22479839509946747,0.19653790312502886,4.814175777728721,0.8742851702213706,0.2779885457132377,0.2571225073422532,1.1486721613635795,1.1486721613635793,-2.220446049250313e-16
squared_exponential,2,1,4,squared_exponential,2_1_4_0.7_2,0.7,0.7252285405298381,2,0.9394130628134758,0.26442926690588564,0.23232102947953967,5.690679787429607,0.878575326392393,0.2747714594701619,0.3009750660671128,1.087301980927999,1.0873019809279985,-4.440892098500626e-16
squared_exponential,2,1,8,squared_exponential,2_1_8_0.1_0,0.1,0.10718532159572212,0,0.9844964370054085,0.8867486910498843,0.8488323199953521,20.792060611714636,0.9572411310699086,0.8928146784042779,0.9263587431296074,0.1509187778979069,0.15091877789790753,6.38378239159465e-16
squared_exponential,2,1,8,squared_exponential,2_1_8_0.1_1,0.1,0.09873285216879578,1,0.9844964370054085,0.8749996394837327,0.839195679394741,20.556012088653787,0.9590811716104057,0.9012671478312042,0.9123311617248302,0.1695985607299057,0.1695985607299051,-6.106226635438361e-16
squared_exponential,2,1,8,squared_exponential,2_1_8_0.1_2,0.1,0.09963812734942258,2,0.9844964370054085,0.891217967410055,0.8567129879975842,20.985096766092106,0.9612833440592039,0.9003618726505774,0.9271126696596195,0.1459205591786825,0.14592055917868207,-4.163336342344337e-16
squared_exponential,2,1,8,squared_exponential,2_1_8_0.2_0,0.2,0.19528250666793204,0,0.9844964370054085,0.7947216920619086,0.7629982393999273,18.689563611717457,0.9600823118597975,0.804717493332068,0.8277641221432721,0.2920557355761462,0.2920557355761464,1.6653345369377348e-16
squared_exponential,2,1,8,squared_exponential,2_1_8_0.2_1,0.2,0.19870251447803322,1,0.9844964370054085,0.7859585152050824,0.7343357025566765,17.98747771172058,0.934318654674877,0.8012974855219668,0.8412103421809332,0.2952508208681731,0.29525082086817345,3.3306690738754696e-16
squared_exponential,2,1,8,squared_exponential,2_1_8_0.2_2,0.2,0.19291986503185082,2,0.9844964370054085,0.790661052911174,0.7372282571888719,18.058330540740602,0.9324200989468683,0.8070801349681491,0.8479665483446726,0.2872920227720886,0.2872920227720881,-4.996003610813204e-16
squared_exponential,2,1,8,squared_exponential,2_1_8_0.3_0,0.3,0.3087658206712315,0,0.9844964370054085,0.6866724235514079,0.6622044886817926,16.2206310265103,0.9643673838785176,0.6912341793287685,0.7120444293643892,0.45775739723808045,0.4577573972380806,1.6653345369377348e-16
squared_exponential,2,1,8,squared_exponential,2_1_8_0.3_1,0.3,0.310871248643653,1,0.9844964370054085,0.6895945709541547,0.6445680362000674,15.788627931979613,0.9347057870658894,0.689128751356347,0.7377664506805324,0.4430948761917243,0.4430948761917244,1.1102230246251565e-16
squared_exponential,2,1,8,squared_exponential,2_1_8_0.3_2,0.3,0.3008825904766113,2,0.9844964370054085,0.6830739504606189,0.6407187143646171,15.694339188453545,0.9379931908288404,0.6991174095233887,0.7282291141762268,0.45421145626107073,0.4542114562610706,-1.1102230246251565e-16
squared_exponential,2,1,8,squared_exponential,2_1_8_0.5_0,0.5,0.5215694307260178,0,0.9844964370054085,0.4891799473457349,0.4065445901370379,9.958268035246656,0.8310737027200887,0.4784305692739822,0.588611991625602,0.7249124003770486,0.7249124003770493,6.661338147750939e-16
squared_exponential,2,1,8,squared_exponential,2_1_8_0.5_1,0.5,0.4986552170774325,1,0.9844964370054085,0.4699715940018605,0.44080611173552664,10.79750049252308,0.9379420317343299,0.5013447829225675,0.5010667803561862,0.7804598678640421,0.7804598678640424,3.3306690738754696e-16
squared_exponential,2,1,8,squared_exponential,2_1_8_0.5_2,0.5,0.5193759991897968,2,0.9844964370054085,0.4645301889825715,0.4449893196849691,10.899967742163962,0.9579341240654318,0.4806240008102032,0.48492915881430876,0.7934342818773416,0.7934342818773417,1.1102230246251565e-16
squared_exponential,2,1,8,squared_exponential,2_1_8_0.7_0,0.7,0.6864980180372697,0,0.9844964370054085,0.32932476904846886,0.2702691445960153,6.620214974787231,0.820676638981376,0.31350198196273027,0.40128444433026245,0.9764850342010699,0.97648503420107,1.1102230246251565e-16
squared_exponential,2,1,8,squared_exponential,2_1_8_0.7_1,0.7,0.6774430809308764,1,0.9844964370054085,0.3337766202013805,0.3138783727630514,7.688418545645693,0.9403845379394048,0.32255691906912365,0.35493631247144974,0.9893859459787648,0.9893859459787647,-1.1102230246251565e-16
squared_exponential,2,1,8,squared_exponential,2_1_8_0.7_2,0.7,0.693873217005456,2,0.9844964370054085,0.28163086074922866,0.26650353151938905,6.527976668722369,0.9462866775693685,0.306126782994544,0.2976168506066529,1.0699900442612376,1.0699900442612371,-4.440892098500626e-16
squared_exponential,2,1,16,squared_exponential,2_1_16_0.1_0,0.1,0.10715987190694395,0,0.9961013694701175,0.8869259951575997,0.8815778629329044,21.59415932718864,0.9939700355453613,0.892840128093056,0.8923065720698211,0.16693694115125315,0.16693694115125268,-4.718447854656915e-16
squared_exponential,2,1,16,squared_exponential,2_1_16_0.1_1,0.1,0.10040354874088125,1,0.9961013694701175,0.9030778249906388,0.8927903900112643,21.86880902787985,0.9886084734950931,0.8995964512591188,0.9134837999091066,0.14023954502435407,0.14023954502435454,4.718447854656915e-16
squared_exponential,2,1,16,squared_exponential,2_1_16_0.1_2,0.1,0.10066271695881444,2,0.9961013694701175,0.8917283543927437,0.8840589803215512,21.654934043129952,0.9913994278264088,0.8993372830411855,0.8994642616930002,0.15857278137528874,0.15857278137528819,-5.551115123125783e-16
squared_exponential,2,1,16,squared_exponential,2_1_16_0.2_0,0.2,0.19888361929160978,0,0.9961013694701175,0.8070967042878902,0.7737653561419816,18.953303031907566,0.9587021629888612,0.8011163807083902,0.8418638607966378,0.2726892694952102,0.27268926949521055,3.3306690738754696e-16
squared_exponential,2,1,16,squared_exponential,2_1_16_0.2_1,0.2,0.21481068778402826,1,0.9961013694701175,0.7858225729088976,0.7801848752795387,19.11054849471803,0.9928257372290927,0.7851893122159718,0.7915010091318477,0.3184472918219741,0.3184472918219743,1.6653345369377348e-16
squared_exponential,2,1,16,squared_exponential,2_1_16_0.2_2,0.2,0.19912120214205364,2,0.9961013694701175,0.791673195958171,0.7907345040679618,19.368960569792154,0.9988142937073003,0.8008787978579464,0.7926130021825343,0.3120208601176398,0.31202086011763885,-9.43689570931383e-16
squared_exponential,2,1,16,squared_exponential,2_1_16_0.3_0,0.3,0.29945834342549804,0,0.9961013694701175,0.6843860993595414,0.6906573765944847,16.91758159745729,1.0091633615013689,0.700541656574502,0.6781717663048681,0.4765564895781593,0.47655648957815955,2.220446049250313e-16
squared_exponential,2,1,16,squared_exponential,2_1_16_0.3_1,0.3,0.30062721144024596,1,0.9961013694701175,0.699658191992043,0.6715300043347078,16.4490585758901,0.9597972438838318,0.699372788559754,0.7289645771026255,0.436448618183268,0.43644861818326786,-1.6653345369377348e-16
squared_exponential,2,1,16,squared_exponential,2_1_16_0.3_2,0.3,0.31572757321273753,2,0.9961013694701175,0.6664895139321451,0.66279059724594,16.234987695670664,0.9944501502140938,0.6842724267872624,0.6702090736158645,0.4984162707586799,0.4984162707586799,0.0
squared_exponential,2,1,16,squared_exponential,2_1_16_0.5_0,0.5,0.4547558739356618,0,0.9961013694701175,0.5437863590728638,0.5039362877340097,12.34386767820689,0.9267174126861198,0.5452441260643381,0.5867876783459606,0.6643954257212771,0.6643954257212772,1.1102230246251565e-16
squared_exponential,2,1,16,squared_exponential,2_1_16_0.5_1,0.5,0.4648833727538757,1,0.9961013694701175,0.56684996633992,0.521628580429867,12.777238573055094,0.9202233596271658,0.5351166272461243,0.6159917159346866,0.6271143575350934,0.6271143575350935,1.1102230246251565e-16
squared_exponential,2,1,16,squared_exponential,2_1_16_0.5_2,0.5,0.49546661441700635,2,0.9961013694701175,0.4751589699974291,0.5193341481743485,12.721036690301059,1.0929692607447954,0.5045333855829937,0.4347413848342228,0.8093491340923159,0.809349134092316,1.1102230246251565e-16
squared_exponential,2,1,16,squared_exponential,2_1_16_0.7_0,0.7,0.7476138530720772,0,0.9961013694701175,0.21472112750238145,0.2546107798845998,6.2366649372935274,1.185774231190994,0.2523861469279228,0.18108095272631713,1.1978631349375373,1.197863134937537,-2.220446049250313e-16
squared_exponential,2,1,16,squared_exponential,2_1_16_0.7_1,0.7,0.6711390748882861,1,0.9961013694701175,0.34284049803176553,0.32473697356433795,7.954398858482978,0.9471954901146182,0.32886092511171394,0.3619532626683844,0.9766874907186378,0.976687490718638,2.220446049250313e-16
squared_exponential,2,1,16,squared_exponential,2_1_16_0.7_2,0.7,0.7014165958488363,2,0.9961013694701175,0.2973536140419636,0.30234049811477975,7.405799489601098,1.016770887715232,0.2985834041511637,0.29244898495288524,1.0564630209734627,1.0564630209734627,0.0
squared_exponential,2,1,32,squared_exponential,2_1_32_0.1_0,0.1,0.10092291238332166,0,0.9990239141819757,0.8974264073150866,0.8973578604346482,21.980688747405292,0.9999236183826554,0.8990770876166784,0.8974949594316466,0.15382611558715067,0.15382611558715098,3.0531133177191805e-16
squared_exponential,2,1,32,squared_exponential,2_1_32_0.1_1,0.1,0.09784600765255405,1,0.9990239141819757,0.8971482932552547,0.89056368918433,21.814266219521627,0.9926605176419243,0.902153992347446,0.9037815822336119,0.15098525808165672,0.15098525808165575,-9.71445146547012e-16
squared_exponential,2,1,32,squared_exponential,2_1_32_0.1_2,0.1,0.10225581702771239,2,0.9990239141819757,0.8985330468296462,0.9050488877938486,22.169079673683555,1.007251643094478,0.8977441829722876,0.8920641162412736,0.15545835023763138,0.15545835023763188,4.996003610813204e-16
squared_exponential,2,1,32,squared_exponential,2_1_32_0.2_0,0.2,0.19704460617571812,0,0.9990239141819757,0.7921639613246626,0.7927426759365488,19.418150533730653,1.000730549027904,0.8029553938242819,0.7915856691835379,0.3120434153189493,0.3120434153189493,0.0
squared_exponential,2,1,32,squared_exponential,2_1_32_0.2_1,0.2,0.20011617928356865,1,0.9990239141819757,0.8077856941604071,0.7869736742344067,19.276839428775695,0.9742357161355377,0.7998838207164314,0.8291481012055467,0.2779154487963885,0.2779154487963891,5.551115123125783e-16
squared_exponential,2,1,32,squared_exponential,2_1_32_0.2_2,0.2,0.19757760280923542,2,0.9990239141819757,0.7996460206434864,0.7956478997583791,19.48931369325128,0.9950001365830722,0.8024223971907646,0.8036642320367404,0.29853190859221707,0.2985319085922167,-3.885780586188048e-16
squared_exponential,2,1,32,squared_exponential,2_1_32_0.3_0,0.3,0.3017979846334224,0,0.9990239141819757,0.7061689066454673,0.6973131167022755,17.080613268703928,0.9874593884552922,0.6982020153665776,0.715137164020634,0.4363187450602034,0.4363187450602033,-1.1102230246251565e-16
squared_exponential,2,1,32,squared_exponential,2_1_32_0.3_1,0.3,0.29487610115599333,1,0.9990239141819757,0.689340338604285,0.6916320657032409,16.941456507200296,1.003324521967764,0.7051238988440067,0.6870562051571515,0.46713535564305025,0.4671353556430504,1.6653345369377348e-16
squared_exponential,2,1,32,squared_exponential,2_1_32_0.3_2,0.3,0.3018919036317244,2,0.9990239141819757,0.6951353919627267,0.7151164465725109,17.5167040077492,1.0287441192619575,0.6981080963682755,0.6757126276079529,0.4672874393608019,0.4672874393608022,2.7755575615628914e-16
squared_exponential,2,1,32,squared_exponential,2_1_32_0.5_0,0.5,0.49380450964609895,0,0.9990239141819757,0.5073405611201057,0.49082568598743276,12.022724833207336,0.9674481474609256,0.506195490353901,0.524411114385432,0.7307317207535052,0.7307317207535049,-3.3306690738754696e-16
squared_exponential,2,1,32,squared_exponential,2_1_32_0.5_1,0.5,0.5007660940945396,1,0.9990239141819757,0.48691305475359226,0.4516552448551576,11.063248895469334,0.9275891053767756,0.49923390590546035,0.5249232143102995,0.7520015129203941,0.7520015129203943,2.220446049250313e-16
squared_exponential,2,1,32,squared_exponential,2_1_32_0.5_2,0.5,0.5076638720758478,2,0.9990239141819757,0.5371199284933277,0.47869574287897637,11.725603120960262,0.8912269262132264,0.49233612792415216,0.6026747090951576,0.6651080144528327,0.6651080144528327,0.0
squared_exponential,2,1,32,squared_exponential,2_1_32_0.7_0,0.7,0.6918500081080008,0,0.9990239141819757,0.38456213449944426,0.30046483610954833,7.359855341173673,0.7813167474240305,0.3081499918919992,0.4921974804294545,0.8811081490558855,0.8811081490558857,2.220446049250313e-16
squared_exponential,2,1,32,squared_exponential,2_1_32_0.7_1,0.7,0.7102329066068513,1,0.9990239141819757,0.3022156222655233,0.3135141136872416,7.679496056946574,1.037385530691698,0.28976709339314866,0.2913243083928642,1.052325812312574,1.0523258123125743,2.220446049250313e-16
squared_exponential,2,1,32,squared_exponential,2_1_32_0.7_2,0.7,0.715850648550396,2,0.9990239141819757,0.24781378663102913,0.26374082149943295,6.460304370160701,1.0642701727168942,0.28414935144960396,0.23284856889149133,1.136242837487658,1.136242837487658,0.0
exponential,2,3,2,exponential,2_3_2_0.1_0,0.1,0.10241896136186539,0,0.22313016014842982,0.18677524963987882,-0.01648825584753771,-0.4038781357492838,-0.08827859086966126,0.8975810386381347,-2.115747972412051,1.1182053727964731,1.1182053727964736,4.440892098500626e-16
exponential,2,3,2,exponential,2_3_2_0.1_1,0.1,0.10259939962314213,1,0.22313016014842982,0.12910785875267716,0.03198717268262072,0.7835225138671372,0.2477554270642525,0.8974006003768579,0.5211101136412021,1.257777868835956,1.257777868835956,0.0
exponential,2,3,2,exponential,2_3_2_0.1_2,0.1,0.09757304028114253,2,0.22313016014842982,0.21434171273494415,0.028582665433915525,0.7001294580177937,0.1333509239485315,0.9024269597188574,1.6073507883430345,1.0856079072470695,1.0856079072470695,0.0
exponential,2,3,2,exponential,2_3_2_0.2_0,0.2,0.1992955419157542,0,0.22313016014842982,0.22238369492495605,0.1328679590649819,3.2545870287420833,0.5974716766434631,0.8007044580842458,0.3722079282055439,1.121666589682579,1.1216665896825788,-2.220446049250313e-16
exponential,2,3,2,exponential,2_3_2_0.2_1,0.2,0.202709376686179,1,0.22313016014842982,0.2236083806941737,-0.036665804235658205,-0.8981251138614078,-0.16397330065104113,0.7972906233138211,-1.3636877455436762,1.0344503364938233,1.0344503364938236,2.220446049250313e-16
exponential,2,3,2,exponential,2_3_2_0.2_2,0.2,0.2052400239892677,2,0.22313016014842982,0.1708468053200465,0.048206744454640765,1.180819260746124,0.28216356966309847,0.7947599760107323,0.6054885310815868,1.1824097615872275,1.1824097615872273,-2.220446049250313e-16
exponential,2,3,2,exponential,2_3_2_0.3_0,0.3,0.3077153285991252,0,0.22313016014842982,0.2213763167297541,0.08793128831230325,2.1538678879069715,0.39720277946283505,0.6922846714008748,0.5573382870813157,1.1012130106966436,1.1012130106966433,-2.220446049250313e-16
exponential,2,3,2,exponential,2_3_2_0.3_1,0.3,0.30996211472013413,1,0.22313016014842982,0.175435249680689,0.06842444098765758,1.676049663549401,0.39002675409985976,0.6900378852798659,0.4498031169312343,1.1833417211324513,1.1833417211324508,-4.440892098500626e-16
exponential,2,3,2,exponential,2_3_2_0.3_2,0.3,0.30030018155272714,2,0.22313016014842982,0.10471531085643185,0.021973514690687174,0.5382389884773371,0.20984051435241965,0.6996998184472729,0.4990233234015345,1.30155613563248,1.3015561356324798,-2.220446049250313e-16
exponential,2,3,2,exponential,2_3_2_0.5_0,0.5,0.48625459969155843,0,0.22313016014842982,0.10025791293966202,-0.009064486691749085,-0.22203367175034008,-0.0904116834868121,0.5137454003084416,-1.1089043923652429,1.2949519307748014,1.2949519307748014,0.0
exponential,2,3,2,exponential,2_3_2_0.5_1,0.5,0.490322393528546,1,0.22313016014842982,0.07344916987032792,-0.0770295073631865,-1.8868298817776663,-1.048745785679805,0.509677606471454,-0.07003524674258177,1.3145869065777507,1.314586906577751,2.220446049250313e-16
exponential,2,3,2,exponential,2_3_2_0.5_2,0.5,0.511368720099584,2,0.22313016014842982,0.030598207357302103,-0.027708214646762035,-0.6787098756807822,-0.9055502606151734,0.488631279900416,-0.03378962901133243,1.4249494779620142,1.4249494779620147,4.440892098500626e-16
exponential,2,3,2,exponential,2_3_2_0.7_0,0.7,0.7307137762975525,0,0.22313016014842982,0.0011040727980951178,0.022246388948097235,0.5449230154232924,20.14938597027247,0.2692862237024475,5.4794364439890074e-05,1.5089150488778587,1.5089150488778584,-2.220446049250313e-16
exponential,2,3,2,exponential,2_3_2_0.7_1,0.7,0.6951216037786253,1,0.22313016014842982,0.11971300168307537,0.009717637669449013,0.23803253795398785,0.08117445501178892,0.3048783962213747,1.4747620007512157,1.265432815468574,1.2654328154685737,-2.220446049250313e-16
exponential,2,3,2,exponential,2_3_2_0.7_2,0.7,0.6925489786938162,2,0.22313016014842982,0.044539914109536824,-0.03142988614652763,-0.7698718373276253,-0.7056566402268365,0.30745102130618385,-0.06311839437267856,1.3952052287076624,1.3952052287076626,2.220446049250313e-16
exponential,2,3,4,exponential,2_3_4_0.1_0,0.1,0.09976393505366077,0,0.4723665527410147,0.4550110309631769,0.1379709134980603,3.379583374159238,0.30322542555946513,0.9002360649463392,1.500570178518705,0.6589633948226765,0.6589633948226764,-1.1102230246251565e-16
exponential,2,3,4,exponential,2_3_4_0.1_1,0.1,0.10344827804997596,1,0.4723665527410147,0.3800510239400524,0.19299093231999223,4.727293091679835,0.5078026900683572,0.8965517219500241,0.7484226282631398,0.8363934182798912,0.8363934182798913,1.1102230246251565e-16
exponential,2,3,4,exponential,2_3_4_0.1_2,0.1,0.09949638303965001,2,0.4723665527410147,0.36379721645744206,0.11041719376390047,2.704657835515769,0.3035130253032526,0.90050361696035,1.1986214301477078,0.8276141639670659,0.8276141639670661,2.220446049250313e-16
exponential,2,3,4,exponential,2_3_4_0.2_0,0.2,0.184466419291815,0,0.4723665527410147,0.4204993855656635,0.19819562086390813,4.854781403706866,0.47133391312163686,0.8155335807081849,0.8921475282368351,0.7580990393006269,0.7580990393006269,0.0
exponential,2,3,4,exponential,2_3_4_0.2_1,0.2,0.2062716150058585,1,0.4723665527410147,0.36411613081393635,0.2035902416327792,4.986922086102414,0.5591354636711054,0.7937283849941414,0.6512127283489868,0.873562859188517,0.873562859188517,0.0
exponential,2,3,4,exponential,2_3_4_0.2_2,0.2,0.1928994104678058,2,0.4723665527410147,0.3604936807938553,0.12149844088649193,2.976091847156103,0.33703348313605974,0.8071005895321942,1.0696079138473158,0.8397618588555351,0.8397618588555354,3.3306690738754696e-16
exponential,2,3,4,exponential,2_3_4_0.3_0,0.3,0.29230087729585563,0,0.4723665527410147,0.2869214727689252,0.11803099013830728,2.8911569967432613,0.4113703620689435,0.7076991227041444,0.6974772594843346,0.9851725495313033,0.9851725495313033,0.0
exponential,2,3,4,exponential,2_3_4_0.3_1,0.3,0.3082968490401958,1,0.4723665527410147,0.36329761772191105,0.1850663787861961,4.533181965708137,0.509407080472123,0.6917031509598042,0.7131774010388776,0.865937953949276,0.865937953949276,0.0
exponential,2,3,4,exponential,2_3_4_0.3_2,0.3,0.28461199921257896,2,0.4723665527410147,0.3107226597685832,0.22645127480108637,5.546900748654358,0.728789058930367,0.715388000787421,0.42635472632455035,0.9917803178633766,0.9917803178633767,1.1102230246251565e-16
exponential,2,3,4,exponential,2_3_4_0.5_0,0.5,0.5222499210549701,0,0.4723665527410147,0.2594454063437364,0.1793341340151466,4.392771218010054,0.6912210801587628,0.47775007894502985,0.3753435967030198,1.0707762543201007,1.0707762543201005,-2.220446049250313e-16
exponential,2,3,4,exponential,2_3_4_0.5_1,0.5,0.4862157409959391,1,0.4723665527410147,0.1716595632172202,0.030612159288374328,0.7498417018131771,0.17833063719052641,0.5137842590040609,0.9625915429989805,1.1719869532097467,1.1719869532097467,0.0
exponential,2,3,4,exponential,2_3_4_0.5_2,0.5,0.5246317799010708,2,0.4723665527410147,0.18748531221226009,0.062277145676079906,1.5254722954337148,0.33217079749465017,0.4753682200989292,0.5644244275124145,1.1561679484135199,1.1561679484135199,0.0
exponential,2,3,4,exponential,2_3_4_0.7_0,0.7,0.6552315404416712,0,0.4723665527410147,0.14827309560842158,0.09259396972951482,2.2680797909602264,0.6244826099405703,0.3447684595583288,0.2374335061508473,1.2497507936479146,1.2497507936479142,-4.440892098500626e-16
exponential,2,3,4,exponential,2_3_4_0.7_1,0.7,0.7091805454479124,1,0.4723665527410147,0.16998623216879663,0.11127497789076139,2.7256691697184494,0.6546117086721773,0.2908194545520876,0.2596749033310126,1.2156650246077874,1.2156650246077876,2.220446049250313e-16
exponential,2,3,4,exponential,2_3_4_0.7_2,0.7,0.6554204334643948,2,0.4723665527410147,0.1522132774859442,0.11348562328299824,2.7798187018506,0.7455698028279946,0.3445795665356052,0.20415697753394704,1.2523162566696107,1.2523162566696109,2.220446049250313e-16
exponential,2,3,8,exponential,2_3_8_0.1_0,0.1,0.10015988613854324,0,0.6872892787909722,0.6455385284472821,0.4967885742562073,12.16878516972459,0.7695723064758598,0.8998401138614568,0.8388276488318925,0.4573172302335391,0.45731723023353954,4.440892098500626e-16
exponential,2,3,8,exponential,2_3_8_0.1_1,0.1,0.10109979739703791,1,0.6872892787909722,0.6176783935646144,0.36453288622845376,8.929195657237447,0.5901661609445961,0.8989002026029621,1.0466177738418336,0.44690965598499804,0.4469096559849981,5.551115123125783e-17
exponential,2,3,8,exponential,2_3_8_0.1_2,0.1,0.10170668803408733,2,0.6872892787909722,0.6522487704663106,0.5118536853873823,12.537803521621608,0.7847522426473016,0.8982933119659127,0.8311524772022305,0.4514293017610695,0.45142930176107,4.996003610813204e-16
exponential,2,3,8,exponential,2_3_8_0.2_0,0.2,0.20356388601116615,0,0.6872892787909722,0.5588186481224204,0.35866178788085185,8.785383705424225,0.641821437215674,0.7964361139888338,0.8706761970224411,0.5616935976955851,0.561693597695585,-1.1102230246251565e-16
exponential,2,3,8,exponential,2_3_8_0.2_1,0.2,0.20004623225734186,1,0.6872892787909722,0.5391835947424441,0.29727519965424454,7.281725523368934,0.5513431835704241,0.7999537677426581,0.9779455170747989,0.5702704103422337,0.570270410342234,3.3306690738754696e-16
exponential,2,3,8,exponential,2_3_8_0.2_2,0.2,0.20019479411410315,2,0.6872892787909722,0.5520913266220744,0.35189665086145816,8.619672368048949,0.637388478849159,0.7998052058858969,0.8661771352047446,0.5717656721865805,0.5717656721865803,-2.220446049250313e-16
exponential,2,3,8,exponential,2_3_8_0.3_0,0.3,0.28423648330191953,0,0.6872892787909722,0.45438757881710096,0.3099981706537105,7.593373392978131,0.6822329330848418,0.7157635166980805,0.6660299683313496,0.7462239276926528,0.7462239276926533,5.551115123125783e-16
exponential,2,3,8,exponential,2_3_8_0.3_1,0.3,0.2997758860177063,1,0.6872892787909722,0.4362108004591092,0.23057000131511293,5.64778853214873,0.528574719086367,0.7002241139822938,0.8252585390634888,0.7428633997393382,0.7428633997393381,-1.1102230246251565e-16
exponential,2,3,8,exponential,2_3_8_0.3_2,0.3,0.3303289505063796,2,0.6872892787909722,0.4434415867032763,0.26212527140467,6.4207316362999585,0.5911156717470164,0.6696710494936204,0.750177347510859,0.7441794622957825,0.7441794622957824,-1.1102230246251565e-16
exponential,2,3,8,exponential,2_3_8_0.5_0,0.5,0.5087569268143767,0,0.6872892787909722,0.3601341283561253,0.2627565565900845,6.436194902164397,0.7296074876032099,0.4912430731856233,0.4935998252144868,0.9111100215827916,0.9111100215827918,1.1102230246251565e-16
exponential,2,3,8,exponential,2_3_8_0.5_1,0.5,0.5007205985159418,1,0.6872892787909722,0.3367836903325723,0.265505338019521,6.5035260213299715,0.7883556883569264,0.49927940148405825,0.42719764099690777,0.9591852883446161,0.9591852883446158,-3.3306690738754696e-16
exponential,2,3,8,exponential,2_3_8_0.5_2,0.5,0.4876895710135308,2,0.6872892787909722,0.39413426727115447,0.2189744245215011,5.363756067972662,0.5555833194550734,0.5123104289864693,0.7094062284982363,0.8212186777184414,0.8212186777184417,3.3306690738754696e-16
exponential,2,3,8,exponential,2_3_8_0.7_0,0.7,0.6851923112011451,0,0.6872892787909722,0.1918021344196148,0.10909215187573264,2.6722010703775174,0.5687744414619832,0.3148076887988549,0.33722003036318715,1.1709418070986364,1.1709418070986368,4.440892098500626e-16
exponential,2,3,8,exponential,2_3_8_0.7_1,0.7,0.6772015448640935,1,0.6872892787909722,0.206688943170462,0.18641877721417796,4.566308826483113,0.9019291228386287,0.32279845513590655,0.22916317694671262,1.179831502266165,1.1798315022661652,2.220446049250313e-16
exponential,2,3,8,exponential,2_3_8_0.7_2,0.7,0.6906269315590778,2,0.6872892787909722,0.24785974999472632,0.1487462373703241,3.6435238271620074,0.6001225990645475,0.30937306844092216,0.413015191197736,1.0786536186957094,1.0786536186957094,0.0
exponential,2,3,16,exponential,2_3_16_0.1_0,0.1,0.10358503866939406,0,0.8290291181804004,0.7055992395913699,0.5510080556245404,13.496885804432145,0.7809079498776711,0.8964149613306059,0.9035626282225732,0.36430554862953024,0.36430554862953035,1.1102230246251565e-16
exponential,2,3,16,exponential,2_3_16_0.1_1,0.1,0.10073868362211642,1,0.8290291181804004,0.7354362530000355,0.6318338988088161,15.476706542748996,0.859128029426618,0.8992613163778835,0.8560263753597536,0.3450444434043377,0.34504444340433715,-5.551115123125783e-16
exponential,2,3,16,exponential,2_3_16_0.1_2,0.1,0.10397290546213822,2,0.8290291181804004,0.7366768692546943,0.576753267892988,14.127512138205525,0.7829121450175256,0.8960270945378618,0.9409444903146875,0.31502289543710554,0.31502289543710527,-2.7755575615628914e-16
exponential,2,3,16,exponential,2_3_16_0.2_0,0.2,0.2026143786125091,0,0.8290291181804004,0.6331821011611309,0.5247566247554325,12.85385969795953,0.8287609896001995,0.7973856213874909,0.764010503760056,0.49601411005545387,0.49601411005545426,3.885780586188048e-16
exponential,2,3,16,exponential,2_3_16_0.2_1,0.2,0.20239731584690304,1,0.8290291181804004,0.6236205714145684,0.5421285912021501,13.279384234191612,0.8693244194501654,0.797602684153097,0.7173623073984268,0.5238231527719378,0.5238231527719384,5.551115123125783e-16
exponential,2,3,16,exponential,2_3_16_0.2_2,0.2,0.2065645363809772,2,0.8290291181804004,0.6336948360229986,0.5445653239441423,13.33907175276575,0.8593494738915285,0.7934354636190228,0.7374122580809154,0.5048929899260742,0.5048929899260739,-3.3306690738754696e-16
exponential,2,3,16,exponential,2_3_16_0.3_0,0.3,0.292962002422891,0,0.8290291181804004,0.5679517006934666,0.4617073483485441,11.309474139473785,0.8129341769463873,0.7070379975771091,0.698644142170102,0.5949502727873394,0.594950272787339,-3.3306690738754696e-16
exponential,2,3,16,exponential,2_3_16_0.3_1,0.3,0.30905586689563774,1,0.8290291181804004,0.5133716496942903,0.3842140103014388,9.411282772669647,0.7484129879985307,0.6909441331043622,0.6859470077706589,0.6653637057621387,0.6653637057621389,2.220446049250313e-16
exponential,2,3,16,exponential,2_3_16_0.3_2,0.3,0.2952519342945018,2,0.8290291181804004,0.5173428173527975,0.3901718234186349,9.557218793869556,0.7541842861859248,0.7047480657054982,0.685963400230882,0.6604002770037224,0.6604002770037225,1.1102230246251565e-16
exponential,2,3,16,exponential,2_3_16_0.5_0,0.5,0.47623174061745455,0,0.8290291181804004,0.3691631705265545,0.27966070344832944,6.8502602455621115,0.7575530978603213,0.5237682593825455,0.4873099609377102,0.9015040106710557,0.9015040106710558,1.1102230246251565e-16
exponential,2,3,16,exponential,2_3_16_0.5_1,0.5,0.5353651225957902,1,0.8290291181804004,0.377777977063754,0.306444344044569,7.5063227747109105,0.8111757769110328,0.46463487740420983,0.4657165411205165,0.897666217894777,0.8976662178947764,-5.551115123125783e-16
exponential,2,3,16,exponential,2_3_16_0.5_2,0.5,0.5033730507145154,2,0.8290291181804004,0.39811304646517987,0.3771059432525384,9.23717139939668,0.9472333212911201,0.49662694928548456,0.4202903735718824,0.8923268786959095,0.8923268786959095,0.0
exponential,2,3,16,exponential,2_3_16_0.7_0,0.7,0.7316047111760852,0,0.8290291181804004,0.233876436159232,0.18576922779926616,4.550398180190541,0.794305022130521,0.26839528882391483,0.2944415931450591,1.1251317415811688,1.125131741581169,2.220446049250313e-16
exponential,2,3,16,exponential,2_3_16_0.7_1,0.7,0.724902177949602,1,0.8290291181804004,0.23073250915479815,0.13977044156787846,3.4236626296479384,0.6057683075517835,0.275097822050398,0.3808923416401645,1.108420202474343,1.108420202474343,0.0
exponential,2,3,16,exponential,2_3_16_0.7_2,0.7,0.7116173392629076,2,0.8290291181804004,0.2229822496404531,0.15131961365789678,3.7065584153693147,0.6786173065429716,0.2883826607370924,0.3285832051298169,1.1296953075480425,1.1296953075480423,-2.220446049250313e-16
exponential,2,3,32,exponential,2_3_32_0.1_0,0.1,0.10118742817803728,0,0.9105103613800342,0.8139117889435872,0.741574447003937,18.16479001446251,0.9111238552846863,0.8988125718219627,0.8933053220182403,0.24296364561479414,0.2429636456147941,-2.7755575615628914e-17
exponential,2,3,32,exponential,2_3_32_0.1_1,0.1,0.10245749948927176,1,0.9105103613800342,0.7894851741296642,0.6670518945464089,16.339367735955147,0.8449201028781486,0.8975425005107283,0.9343903304470448,0.2545555990138764,0.2545555990138759,-4.996003610813204e-16
exponential,2,3,32,exponential,2_3_32_0.1_2,0.1,0.10234645301641579,2,0.9105103613800342,0.7773327367383478,0.6624087210735218,16.22563367799715,0.8521559555731026,0.8976535469835842,0.9121953929378646,0.27653888706006513,0.27653888706006535,2.220446049250313e-16
exponential,2,3,32,exponential,2_3_32_0.2_0,0.2,0.190287554377504,0,0.9105103613800342,0.7255273401552952,0.6411529243813563,15.704975118275708,0.8837060836937185,0.809712445622496,0.8210052567735335,0.36952178188008766,0.3695217818800878,1.1102230246251565e-16
exponential,2,3,32,exponential,2_3_32_0.2_1,0.2,0.1914439271997186,1,0.9105103613800342,0.7387902324604972,0.6792308583534372,16.63769020518558,0.9193825642378879,0.8085560728002814,0.8035721594012492,0.3620349642557242,0.3620349642557241,-5.551115123125783e-17
exponential,2,3,32,exponential,2_3_32_0.2_2,0.2,0.2042794337200221,2,0.9105103613800342,0.6872683328589353,0.6174078170266422,15.123341149209132,0.8983504513561921,0.7957205662799779,0.7650336589928827,0.4341672427954509,0.4341672427954504,-4.996003610813204e-16
exponential,2,3,32,exponential,2_3_32_0.3_0,0.3,0.2762621896075583,0,0.9105103613800342,0.6515280108934461,0.5872430986685313,14.384459467087773,0.9013320821974171,0.7237378103924417,0.7228501278963053,0.4905655275473733,0.49056552754737326,-5.551115123125783e-17
exponential,2,3,32,exponential,2_3_32_0.3_1,0.3,0.2924060404326587,1,0.9105103613800342,0.5918695853964804,0.4905084203435489,12.014953443803027,0.8287440889786019,0.7075939595673413,0.714176539257057,0.5615150393788136,0.5615150393788138,1.1102230246251565e-16
exponential,2,3,32,exponential,2_3_32_0.3_2,0.3,0.29843607816859175,2,0.9105103613800342,0.6284485003678675,0.5451041048809814,13.352269136549696,0.8673807075072981,0.7015639218314083,0.7245359447455543,0.5156550517047556,0.5156550517047558,2.220446049250313e-16
exponential,2,3,32,exponential,2_3_32_0.5_0,0.5,0.47323170200675646,0,0.9105103613800342,0.5077252601318248,0.44511636260874166,10.903079645550704,0.8766874480367048,0.5267682979932435,0.5791405606055484,0.7071076610407209,0.7071076610407212,3.3306690738754696e-16
exponential,2,3,32,exponential,2_3_32_0.5_1,0.5,0.47418035855334784,1,0.9105103613800342,0.4903655614979841,0.4276692600701242,10.475714658454406,0.872143750804332,0.5258196414466522,0.5622531389415403,0.7331035070390939,0.733103507039094,1.1102230246251565e-16
exponential,2,3,32,exponential,2_3_32_0.5_2,0.5,0.5753748429395885,2,0.9105103613800342,0.40939935782444126,0.3585228649850948,8.781980803342279,0.8757289383410236,0.4246251570604115,0.4674955227584523,0.8604627168436646,0.8604627168436649,3.3306690738754696e-16
exponential,2,3,32,exponential,2_3_32_0.7_0,0.7,0.6856652852641074,0,0.9105103613800342,0.2845128600463764,0.16547200269869916,4.05321973328254,0.5815976215336164,0.3143347147358926,0.48919192498783554,1.0137102812565966,1.0137102812565968,2.220446049250313e-16
exponential,2,3,32,exponential,2_3_32_0.7_1,0.7,0.7015230900511732,1,0.9105103613800342,0.28390014734423624,0.2987192457138522,7.317097283480089,1.052198276430084,0.2984769099488268,0.2698162064163966,1.0815593281684535,1.0815593281684537,2.220446049250313e-16
exponential,2,3,32,exponential,2_3_32_0.7_2,0.7,0.6899718248579022,2,0.9105103613800342,0.29364231641211386,0.2621875419093214,6.4222569459241745,0.8928806485144087,0.3100281751420978,0.3288707364200147,1.043809138130433,1.0438091381304329,-2.220446049250313e-16
squared_exponential,2,3,2,squared_exponential,2_3_2_0.1_0,0.1,0.09933161169004304,0,0.10539922456186433,0.08737048131280697,-0.02169853071091749,-0.5315032840985817,-0.2483508203787,0.900668388309957,-0.3518026684171178,1.3144097720189276,1.3144097720189272,-4.440892098500626e-16
squared_exponential,2,3,2,squared_exponential,2_3_2_0.1_1,0.1,0.10002702400865844,1,0.10539922456186433,0.09664327659560921,-0.0683852859600153,-1.6750905651635193,-0.7076052092704216,0.8999729759913415,-0.13657796088761634,1.2725208038287739,1.2725208038287739,0.0
squared_exponential,2,3,2,squared_exponential,2_3_2_0.1_2,0.1,0.10270033971317466,2,0.10539922456186433,0.18018745646282971,-0.027522415994541447,-0.6741587567524095,-0.15274324048310742,0.8972996602868253,-1.1796754860831793,1.1258638790770696,1.1258638790770699,2.220446049250313e-16
squared_exponential,2,3,2,squared_exponential,2_3_2_0.2_0,0.2,0.20318799271003266,0,0.10539922456186433,0.017226229708836638,-0.03461647097463379,-0.8479269058371707,-2.0095210362181795,0.7968120072899674,-0.00857230623534828,1.4482393050950098,1.4482393050950098,0.0
squared_exponential,2,3,2,squared_exponential,2_3_2_0.2_1,0.2,0.2111411841949328,1,0.10539922456186433,0.06623043147413898,-0.06337407309832929,-1.5523414201274894,-0.9568724178261617,0.7888588158050672,-0.06921552992885129,1.335852100502557,1.3358521005025574,4.440892098500626e-16
squared_exponential,2,3,2,squared_exponential,2_3_2_0.2_2,0.2,0.19537942055008295,2,0.10539922456186433,0.10688395586009472,-0.027627735749671752,-0.6767385533514507,-0.258483469547431,0.804620579449917,-0.41350402811922105,1.272418220404975,1.2724182204049748,-2.220446049250313e-16
squared_exponential,2,3,2,squared_exponential,2_3_2_0.3_0,0.3,0.2896404388642763,0,0.10539922456186433,0.10718125449641111,0.04305823289019991,1.0547069980691395,0.4017328691710889,0.7103595611357236,0.2667973240963887,1.3071666074522776,1.3071666074522776,0.0
squared_exponential,2,3,2,squared_exponential,2_3_2_0.3_1,0.3,0.3104473361876476,1,0.10539922456186433,0.05639087609981613,-0.05703220010905961,-1.3969978917549914,-1.0113728328694218,0.6895526638123524,-0.0557567637444111,1.3587021477458379,1.358702147745838,2.220446049250313e-16
squared_exponential,2,3,2,squared_exponential,2_3_2_0.3_2,0.3,0.3073522107281795,2,0.10539922456186433,-0.05590500323019287,-0.12092842662980167,-2.9621294064060733,,0.6926477892718206,-0.02584478665000391,1.551345793145485,1.5513457931454848,-2.220446049250313e-16
squared_exponential,2,3,2,squared_exponential,2_3_2_0.5_0,0.5,0.46154458730339637,0,0.10539922456186433,-0.0232710722797589,-0.06306280403798714,-1.5447169164219507,,0.5384554126966037,-0.008587356894621336,1.5150107425405241,1.5150107425405241,0.0
squared_exponential,2,3,2,squared_exponential,2_3_2_0.5_1,0.5,0.4919023817115858,1,0.10539922456186433,0.11011996197463725,0.009745306962224448,0.23871029444242278,0.088497187861988,0.5080976182884143,1.24433289503357,1.2846327295318378,1.2846327295318378,0.0
squared_exponential,2,3,2,squared_exponential,2_3_2_0.5_2,0.5,0.4993063709050649,2,0.10539922456186433,0.038227440243748585,0.015131770607163092,0.37065116892393973,0.3958353086337666,0.5006936290949351,0.09657410395169483,1.4311110048160842,1.4311110048160844,2.220446049250313e-16
squared_exponential,2,3,2,squared_exponential,2_3_2_0.7_0,0.7,0.7403961586859451,0,0.10539922456186433,-0.04580150664714951,0.02490027698705247,0.6099297307224504,,0.2596038413140549,0.08424717573381509,1.6040531517878251,1.6040531517878254,2.220446049250313e-16
squared_exponential,2,3,2,squared_exponential,2_3_2_0.7_1,0.7,0.728244568912903,1,0.10539922456186433,0.00550852041213511,-0.052758128256945425,-1.2923049401382716,-9.577549742889362,0.271755431087097,-0.0005751492354529183,1.462603895047257,1.462603895047257,0.0
squared_exponential,2,3,2,squared_exponential,2_3_2_0.7_2,0.7,0.6987659220596651,2,0.10539922456186433,-0.03409358697305384,-0.01269507223046414,-0.31096449212413474,,0.30123407794033485,-0.091560934163089,1.5618396378308759,1.5618396378308756,-2.220446049250313e-16
squared_exponential,2,3,4,squared_exponential,2_3_4_0.1_0,0.1,0.0985749895547648,0,0.569782824730923,0.4741409566705817,0.07383136506993337,1.8084917143448203,0.15571606719735265,0.9014250104452352,3.0449070876524336,0.5886337691938034,0.5886337691938034,0.0
squared_exponential,2,3,4,squared_exponential,2_3_4_0.1_1,0.1,0.10364119762569449,1,0.569782824730923,0.5743150502912426,0.17271606299187586,4.230662247124932,0.3007340011449975,0.8963588023743055,1.9097110672708382,0.4377279309134524,0.43772793091345275,3.3306690738754696e-16
squared_exponential,2,3,4,squared_exponential,2_3_4_0.1_2,0.1,0.09953367855274871,2,0.569782824730923,0.5312534694874619,0.13293512861855583,3.2562323400671502,0.25022919614399475,0.9004663214472513,2.123067482428195,0.5039606253343537,0.503960625334354,3.3306690738754696e-16
squared_exponential,2,3,4,squared_exponential,2_3_4_0.2_0,0.2,0.19220107720900612,0,0.569782824730923,0.4260893812388468,-0.08050184996828262,-1.9718845577237858,-0.18893183804352273,0.8077989227909939,-2.2552545174556125,0.6075703125381648,0.607570312538165,1.1102230246251565e-16
squared_exponential,2,3,4,squared_exponential,2_3_4_0.2_1,0.2,0.19819720970726917,1,0.569782824730923,0.4180310413078123,-0.08235621356215726,-2.0173070037496506,-0.19700980411527674,0.8018027902927308,-2.1218793815114347,0.6227598106032965,0.6227598106032968,2.220446049250313e-16
squared_exponential,2,3,4,squared_exponential,2_3_4_0.2_2,0.2,0.20319006161606076,2,0.569782824730923,0.4513929903582875,0.056864484758995054,1.3928897214580875,0.1259755600410622,0.7968099383839392,3.583179072283182,0.6256462616629225,0.6256462616629226,1.1102230246251565e-16
squared_exponential,2,3,4,squared_exponential,2_3_4_0.3_0,0.3,0.338450810146292,0,0.569782824730923,0.4058209851798741,0.07264230676641449,1.7793658531644134,0.17900086348224914,0.661549189853708,2.2671454052517346,0.724679183023459,0.7246791830234591,1.1102230246251565e-16
squared_exponential,2,3,4,squared_exponential,2_3_4_0.3_1,0.3,0.2814590211483594,1,0.569782824730923,0.41633379677432153,0.05065966365684864,1.2409032650029648,0.12168040175779744,0.7185409788516406,3.421535356227917,0.6926622382797812,0.6926622382797812,0.0
squared_exponential,2,3,4,squared_exponential,2_3_4_0.3_2,0.3,0.29063604224158146,2,0.569782824730923,0.4169220604786455,0.12928923406809942,3.1669265270210296,0.3101040849689496,0.7093639577584185,1.344458459876114,0.7308004960767589,0.7308004960767588,-1.1102230246251565e-16
squared_exponential,2,3,4,squared_exponential,2_3_4_0.5_0,0.5,0.4595012875571656,0,0.569782824730923,0.3170708628405096,0.1078956732864672,2.6428934500588634,0.34028883108297464,0.5404987124428344,0.9317698198657492,0.9198061109622142,0.9198061109622143,1.1102230246251565e-16
squared_exponential,2,3,4,squared_exponential,2_3_4_0.5_1,0.5,0.4747033486306892,1,0.569782824730923,0.37351950590278826,0.060759182413041776,1.488289941006379,0.16266669197419342,0.5252966513693108,2.296226113469167,0.7833405794009441,0.7833405794009443,1.1102230246251565e-16
squared_exponential,2,3,4,squared_exponential,2_3_4_0.5_2,0.5,0.4972792858239463,2,0.569782824730923,0.21159839230631655,-0.006872160467749842,-0.16833286576513284,-0.03247737562108451,0.5027207141760537,-6.51525525876991,1.0733671351534917,1.0733671351534921,4.440892098500626e-16
squared_exponential,2,3,4,squared_exponential,2_3_4_0.7_0,0.7,0.7173077326668371,0,0.569782824730923,0.24219467069109255,0.07011844279558803,1.717544064077219,0.2895127402907254,0.2826922673331629,0.8365596292856868,1.050669880015609,1.050669880015609,0.0
squared_exponential,2,3,4,squared_exponential,2_3_4_0.7_1,0.7,0.6558632421037686,1,0.569782824730923,0.16820287588921276,-0.016734663048267182,-0.40991385485663134,-0.09949094484739672,0.34413675789623144,-1.6906350235914356,1.1552269166974412,1.155226916697441,-2.220446049250313e-16
squared_exponential,2,3,4,squared_exponential,2_3_4_0.7_2,0.7,0.7414716683111084,2,0.569782824730923,0.14456627306412465,0.014623754530758462,0.35820736724071883,0.1011560595760248,0.25852833168889156,1.4291410091500696,1.21817933113713,1.21817933113713,0.0
squared_exponential,2,3,8,squared_exponential,2_3_8_0.1_0,0.1,0.10073123865938459,0,0.8688150562628432,0.7812344404320506,0.4981937023360976,12.20320363791447,0.6377006395936393,0.8992687613406154,1.2250802209166278,0.18662797030394787,0.1866279703039475,-3.608224830031759e-16
squared_exponential,2,3,8,squared_exponential,2_3_8_0.1_1,0.1,0.0977860170490675,1,0.8688150562628432,0.7748269379662605,0.4853212006522498,11.887893029529026,0.626360774092476,0.9022139829509325,1.2370297917983364,0.1930067243936037,0.193006724393604,3.0531133177191805e-16
squared_exponential,2,3,8,squared_exponential,2_3_8_0.1_2,0.1,0.09977646787900533,2,0.8688150562628432,0.8072339240181797,0.568416226791906,13.923297171582902,0.7041530464459329,0.9002235321209947,1.1463898765936273,0.1697402653595935,0.16974026535959363,1.3877787807814457e-16
squared_exponential,2,3,8,squared_exponential,2_3_8_0.2_0,0.2,0.20556748856419946,0,0.8688150562628432,0.6898377053873523,0.4325120148115855,10.594337439114646,0.6269764778495613,0.7944325114358005,1.1002609025356038,0.3365805966310882,0.3365805966310882,0.0
squared_exponential,2,3,8,squared_exponential,2_3_8_0.2_1,0.2,0.21117727055052646,1,0.8688150562628432,0.6581073974712782,0.3642408438088354,8.92204210812432,0.5534671775585565,0.7888227294494735,1.1890630992325664,0.36590562696186135,0.36590562696186124,-1.1102230246251565e-16
squared_exponential,2,3,8,squared_exponential,2_3_8_0.2_2,0.2,0.20626294809782214,2,0.8688150562628432,0.69487792030988,0.45726831044828636,11.200740361428714,0.6580556052844045,0.7937370519021778,1.0559562364179866,0.3388783146043833,0.338878314604383,-2.7755575615628914e-16
squared_exponential,2,3,8,squared_exponential,2_3_8_0.3_0,0.3,0.30234929972090496,0,0.8688150562628432,0.6220740300042009,0.4429365172390387,10.849684556811296,0.7120318416701105,0.697650700279095,0.8736604089854908,0.47732019861111713,0.4773201986111175,3.885780586188048e-16
squared_exponential,2,3,8,squared_exponential,2_3_8_0.3_1,0.3,0.31685925028675094,1,0.8688150562628432,0.5641674767907288,0.37764882583880394,9.25046925266261,0.6693913445473006,0.6831407497132491,0.8428066502297947,0.5604894593379446,0.5604894593379444,-2.220446049250313e-16
squared_exponential,2,3,8,squared_exponential,2_3_8_0.3_2,0.3,0.30617206676219544,2,0.8688150562628432,0.6089805531979945,0.43751973578876946,10.71700105079797,0.7184461531508397,0.6938279332378046,0.8476356238073383,0.5007987614983953,0.5007987614983958,4.440892098500626e-16
squared_exponential,2,3,8,squared_exponential,2_3_8_0.5_0,0.5,0.5172204942655237,0,0.8688150562628432,0.43513082857444946,0.2916562745185088,7.144090528514421,0.6702726062274563,0.48277950573447626,0.6491848608039162,0.7755664801103554,0.7755664801103556,1.1102230246251565e-16
squared_exponential,2,3,8,squared_exponential,2_3_8_0.5_1,0.5,0.5244760478085326,1,0.8688150562628432,0.3737489930433574,0.23114118801259217,5.661779691715626,0.618439627436744,0.47552395219146737,0.6043419219309093,0.8680726079195814,0.8680726079195813,-1.1102230246251565e-16
squared_exponential,2,3,8,squared_exponential,2_3_8_0.5_2,0.5,0.4975510451085405,2,0.8688150562628432,0.4209972941671865,0.2957229966212107,7.243704469287601,0.7024344353713902,0.5024489548914595,0.5993403412015207,0.8058669099762321,0.8058669099762324,3.3306690738754696e-16
squared_exponential,2,3,8,squared_exponential,2_3_8_0.7_0,0.7,0.6991565337409199,0,0.8688150562628432,0.28619583780635305,0.1801149730865736,4.411897790972302,0.6293416929719422,0.3008434662590801,0.4547542948487166,1.0176658109305803,1.0176658109305807,4.440892098500626e-16
squared_exponential,2,3,8,squared_exponential,2_3_8_0.7_1,0.7,0.709623041276021,1,0.8688150562628432,0.18894591980987732,0.16022546160116724,3.9247062472475913,0.8479964095673015,0.29037695872397895,0.22281452807835453,1.2022208911808292,1.202220891180829,-2.220446049250313e-16
squared_exponential,2,3,8,squared_exponential,2_3_8_0.7_2,0.7,0.692429155836248,2,0.8688150562628432,0.24602141855586898,0.15747274991983604,3.8572788569649887,0.6400773999442474,0.307570844163752,0.3843619827497396,1.08669353784818,1.08669353784818,0.0
squared_exponential,2,3,16,squared_exponential,2_3_16_0.1_0,0.1,0.10276502537668668,0,0.9654545521978378,0.855835284131226,0.7268215741497097,17.80341990713237,0.8492540417838925,0.8972349746233134,1.0077494389470427,0.15174021881240304,0.15174021881240285,-1.942890293094024e-16
squared_exponential,2,3,16,squared_exponential,2_3_16_0.1_1,0.1,0.09885235681161657,1,0.9654545521978378,0.8775621677180236,0.8096708551728318,19.832804547763356,0.9226364637826929,0.9011476431883835,0.9511462013111098,0.14971109215036787,0.1497110921503686,7.216449660063518e-16
squared_exponential,2,3,16,squared_exponential,2_3_16_0.1_2,0.1,0.09740308053382693,2,0.9654545521978378,0.8734039502459904,0.7685372070101076,18.825240055184906,0.8799332849292157,0.902596919466173,0.9925797389471969,0.13746070301307284,0.137460703013073,1.6653345369377348e-16
squared_exponential,2,3,16,squared_exponential,2_3_16_0.2_0,0.2,0.19395311658109626,0,0.9654545521978378,0.7711562245740906,0.6749074215577522,16.531788064339562,0.8751889695638564,0.8060468834189037,0.8811311058437932,0.2951412616306953,0.295141261630695,-3.3306690738754696e-16
squared_exponential,2,3,16,squared_exponential,2_3_16_0.2_1,0.2,0.1954534826774878,1,0.9654545521978378,0.8073587461322509,0.7515819879001475,18.40992370222002,0.9309145302515038,0.8045465173225121,0.8672748355470699,0.26107350168557164,0.26107350168557186,2.220446049250313e-16
squared_exponential,2,3,16,squared_exponential,2_3_16_0.2_2,0.2,0.21152596967758547,2,0.9654545521978378,0.7467182220456288,0.687747614553825,16.84630727473193,0.9210269607051316,0.7884740303224145,0.8107452375486889,0.3504373631856557,0.350437363185655,-7.216449660063518e-16
squared_exponential,2,3,16,squared_exponential,2_3_16_0.3_0,0.3,0.29650496150910993,0,0.9654545521978378,0.6886719791072169,0.6312865246232703,15.463298668219407,0.9166722964997934,0.70349503849089,0.7512739086114315,0.43829930409720075,0.4382993040972014,6.661338147750939e-16
squared_exponential,2,3,16,squared_exponential,2_3_16_0.3_1,0.3,0.34032573848601216,1,0.9654545521978378,0.6288405367628983,0.6154995020190758,15.0765971688388,0.9787847093756096,0.6596742615139879,0.6424707402346436,0.5500686774837409,0.5500686774837413,4.440892098500626e-16
squared_exponential,2,3,16,squared_exponential,2_3_16_0.3_2,0.3,0.31614483028356033,2,0.9654545521978378,0.656136951436408,0.5686068591744641,13.927966692240087,0.866597831336394,0.6838551697164397,0.7571412340422882,0.4720295267144159,0.4720295267144159,0.0
squared_exponential,2,3,16,squared_exponential,2_3_16_0.5_0,0.5,0.49724543682293404,0,0.9654545521978378,0.45969045065942354,0.4784172220486329,11.718780781789484,1.0407377864002743,0.502754563177066,0.4416967046516208,0.8198277097054694,0.8198277097054695,1.1102230246251565e-16
squared_exponential,2,3,16,squared_exponential,2_3_16_0.5_1,0.5,0.5010256289963757,1,0.9654545521978378,0.48139334755604507,0.42579768123169665,10.429870526779023,0.8845109376633505,0.4989743710036243,0.5442480438147683,0.750112145503758,0.7501121455037582,1.1102230246251565e-16
squared_exponential,2,3,16,squared_exponential,2_3_16_0.5_2,0.5,0.474953924245925,2,0.9654545521978378,0.5285882997923245,0.4322771298388864,10.588583955801044,0.8177954941657288,0.525046075754075,0.6463575595162235,0.6589619653347943,0.6589619653347942,-1.1102230246251565e-16
squared_exponential,2,3,16,squared_exponential,2_3_16_0.7_0,0.7,0.6671470120709292,0,0.9654545521978378,0.305148817001825,0.259389113388492,6.353709726347339,0.8500413533864059,0.3328529879290708,0.35898114343045684,1.019396922690596,1.019396922690596,0.0
squared_exponential,2,3,16,squared_exponential,2_3_16_0.7_1,0.7,0.7116990433448966,1,0.9654545521978378,0.25317015744061433,0.28588439540111377,7.0027089415679855,1.1292183813890986,0.28830095665510336,0.22419946541180027,1.1366018828193278,1.1366018828193283,4.440892098500626e-16
squared_exponential,2,3,16,squared_exponential,2_3_16_0.7_2,0.7,0.7109853023866096,2,0.9654545521978378,0.3310914099071378,0.250318724649971,6.131531484566707,0.7560411329311704,0.2890146976133904,0.4379277733520885,0.9629765425107099,0.96297654251071,1.1102230246251565e-16
squared_exponential,2,3,32,squared_exponential,2_3_32_0.1_0,0.1,0.10050317424340266,0,0.9912494484023183,0.8910638673031634,0.8814236617616408,21.590382185315285,0.9891812406548376,0.8994968257565974,0.9008095085924593,0.15858409627449346,0.15858409627449355,8.326672684688674e-17
squared_exponential,2,3,32,squared_exponential,2_3_32_0.1_1,0.1,0.10384931006188397,1,0.9912494484023183,0.8885189697429292,0.8660038600895668,21.212675725000324,0.9746599561516659,0.896150689938116,0.9116194464899793,0.1559639905589253,0.15596399055892496,-3.3306690738754696e-16
squared_exponential,2,3,32,squared_exponential,2_3_32_0.1_2,0.1,0.09844754376246038,2,0.9912494484023183,0.8914213357137782,0.8622369960051784,21.12040677562865,0.9672608916352318,0.9015524562375397,0.921593484676879,0.14827582657503402,0.1482758265750328,-1.2212453270876722e-15
squared_exponential,2,3,32,squared_exponential,2_3_32_0.2_0,0.2,0.2022608378747448,0,0.9912494484023183,0.7676621969968954,0.7558359394890855,18.514123810054016,0.9845944511087371,0.7977391621252552,0.7796734951455826,0.3425935757507522,0.3425935757507519,-3.3306690738754696e-16
squared_exponential,2,3,32,squared_exponential,2_3_32_0.2_1,0.2,0.20110702951551843,1,0.9912494484023183,0.7892344322933993,0.7586513284019251,18.583086472693477,0.9612496583523298,0.7988929704844816,0.8210504164404278,0.3008567996141637,0.300856799614164,3.3306690738754696e-16
squared_exponential,2,3,32,squared_exponential,2_3_32_0.2_2,0.2,0.19125434848291686,2,0.9912494484023183,0.7984250240300214,0.7748857379535595,18.980746669462178,0.970517850307787,0.8087456515170831,0.822679380679924,0.29059282091673744,0.290592820916737,-4.440892098500626e-16
squared_exponential,2,3,32,squared_exponential,2_3_32_0.3_0,0.3,0.3000749891229004,0,0.9912494484023183,0.6875282519196141,0.6811545470470854,16.684810762419573,0.9907295375066655,0.6999250108770996,0.6939615968752608,0.4655207696843148,0.46552076968431444,-3.3306690738754696e-16
squared_exponential,2,3,32,squared_exponential,2_3_32_0.3_1,0.3,0.31874240797400655,1,0.9912494484023183,0.6785684196076367,0.6419991802803379,15.72570406971896,0.9461082504422413,0.6812575920259935,0.7172206978328876,0.46386275092489493,0.4638627509248956,6.661338147750939e-16
squared_exponential,2,3,32,squared_exponential,2_3_32_0.3_2,0.3,0.3008186804349467,2,0.9912494484023183,0.673969516458408,0.6593764097198027,16.15135752241855,0.978347527028686,0.6991813195650534,0.6888855931442924,0.4817491719430856,0.48174917194308553,-5.551115123125783e-17
squared_exponential,2,3,32,squared_exponential,2_3_32_0.5_0,0.5,0.49066622454502706,0,0.9912494484023183,0.4636693858869299,0.47434780492618106,11.619100826783963,1.0230302438855758,0.5093337754549729,0.4532313571941579,0.8098351306892314,0.8098351306892307,-6.661338147750939e-16
squared_exponential,2,3,32,squared_exponential,2_3_32_0.5_1,0.5,0.48661144454071237,1,0.9912494484023183,0.5065703931305505,0.525160589052457,12.863754761979651,1.036698149307584,0.5133885554592876,0.4886382728365933,0.7494395082651278,0.7494395082651275,-3.3306690738754696e-16
squared_exponential,2,3,32,squared_exponential,2_3_32_0.5_2,0.5,0.47886701087398,2,0.9912494484023183,0.5112197126139072,0.5217594400913619,12.780443967040851,1.0206168252463588,0.52113298912602,0.5008928914046736,0.7384402948178662,0.7384402948178665,3.3306690738754696e-16
squared_exponential,2,3,32,squared_exponential,2_3_32_0.7_0,0.7,0.7049618215338701,0,0.9912494484023183,0.29431026770608176,0.2659202781140542,6.513689936384258,0.9035372098523599,0.2950381784661299,0.3257312089605836,1.044339603644864,1.0443396036448638,-2.220446049250313e-16
squared_exponential,2,3,32,squared_exponential,2_3_32_0.7_1,0.7,0.6951398177556332,1,0.9912494484023183,0.2901969778777386,0.32272834252144567,7.905197647116974,1.1121009766594214,0.30486018224436684,0.26094480984042046,1.0809702155052456,1.0809702155052454,-2.220446049250313e-16
squared_exponential,2,3,32,squared_exponential,2_3_32_0.7_2,0.7,0.6458500613391619,2,0.9912494484023183,0.30361537132201033,0.3352120455104144,8.210984671351278,1.1040680979056658,0.3541499386608381,0.2749969606928647,1.0603752801111868,1.0603752801111865,-2.220446049250313e-16
exponential,10,1,2,exponential,10_1_2_0.1_0,0.1,0.10031692553512425,0,0.6065306597126334,0.18638067761910637,0.1541803667690583,25.33441944114994,0.8272336421275726,0.8996830744648757,0.22530596935075267,0.8660009748539398,0.8660009748539399,1.1102230246251565e-16
exponential,10,1,2,exponential,10_1_2_0.1_1,0.1,0.09808383695705661,1,0.6065306597126334,0.2569094512916417,0.19955522467703093,32.79026940708643,0.7767531465804164,0.9019161630429434,0.33074787327564975,0.7657807996260444,0.7657807996260445,1.1102230246251565e-16
exponential,10,1,2,exponential,10_1_2_0.1_2,0.1,0.10103824325468261,2,0.6065306597126334,0.2573934565101798,0.20357142708423207,33.45019880326561,0.7908958908447655,0.8989617567453174,0.32544543408267645,0.7684273713554497,0.7684273713554494,-3.3306690738754696e-16
exponential,10,1,2,exponential,10_1_2_0.2_0,0.2,0.2021381162177563,0,0.6065306597126334,0.24384043907913291,0.17870488042431307,29.364208243397893,0.7328763067323646,0.7978618837822438,0.33271704493536014,0.7731535142236158,0.7731535142236161,3.3306690738754696e-16
exponential,10,1,2,exponential,10_1_2_0.2_1,0.2,0.191851103385076,1,0.6065306597126334,0.26766256769350855,0.22497105834145928,36.9665170318284,0.8405025038804309,0.808148896614924,0.31845540787536547,0.7671488171202964,0.7671488171202964,0.0
exponential,10,1,2,exponential,10_1_2_0.2_2,0.2,0.20026148155272236,2,0.6065306597126334,0.18675455666474156,0.13371270924792103,21.971240124064796,0.715980973294053,0.7997385184472776,0.26083731779285924,0.8468323249936457,0.8468323249936459,2.220446049250313e-16
exponential,10,1,2,exponential,10_1_2_0.3_0,0.3,0.2836695040370219,0,0.6065306597126334,0.25688079148841075,0.18943001893041056,31.126528331044952,0.7374238370756373,0.7163304959629782,0.34834891221730685,0.7567254340605478,0.7567254340605482,3.3306690738754696e-16
exponential,10,1,2,exponential,10_1_2_0.3_1,0.3,0.3026595280365015,1,0.6065306597126334,0.21038624600757014,0.17973028070818586,29.532698703182692,0.8542872175290337,0.6973404719634986,0.24627109207614942,0.8409847606222266,0.8409847606222269,3.3306690738754696e-16
exponential,10,1,2,exponential,10_1_2_0.3_2,0.3,0.30997501549830175,2,0.6065306597126334,0.286468603217315,0.24306630041825758,39.93986871252212,0.8484919383429519,0.6900249845016982,0.33762088980688376,0.7458224639418015,0.745822463941802,4.440892098500626e-16
exponential,10,1,2,exponential,10_1_2_0.5_0,0.5,0.48403883631213895,0,0.6065306597126334,0.18799726144821577,0.1389590179040079,22.83329660243681,0.7391544793448198,0.515961163687861,0.2543409621421153,0.8490685932171759,0.8490685932171756,-2.220446049250313e-16
exponential,10,1,2,exponential,10_1_2_0.5_1,0.5,0.492642667916712,1,0.6065306597126334,0.14535743124063794,0.13343078637234912,21.924915468536557,0.9179495346987498,0.507357332083288,0.15835013336363957,0.9293728452538385,0.9293728452538383,-1.1102230246251565e-16
exponential,10,1,2,exponential,10_1_2_0.5_2,0.5,0.5068629932330762,2,0.6065306597126334,0.11031133199609476,0.09445737908991465,15.520931175108917,0.8562799250149443,0.49313700676692385,0.12882625035752127,0.964388977188734,0.9643889771887337,-2.220446049250313e-16
exponential,10,1,2,exponential,10_1_2_0.7_0,0.7,0.7019635525015397,0,0.6065306597126334,0.007660070950777336,0.02402945768998903,3.9484428064268915,3.1369758641139667,0.29803644749846026,0.002441864803107406,1.1063063700194353,1.1063063700194355,2.220446049250313e-16
exponential,10,1,2,exponential,10_1_2_0.7_1,0.7,0.6754742794955275,1,0.6065306597126334,0.0977216552815605,0.09314776211746363,15.305739147858002,0.9531946818653619,0.3245257205044725,0.10252014319920807,0.9883896753425965,0.9883896753425963,-2.220446049250313e-16
exponential,10,1,2,exponential,10_1_2_0.7_2,0.7,0.6977881646697953,2,0.6065306597126334,0.12812844797142844,0.10478412972644924,17.217789455917163,0.8178053460057146,0.3022118353302047,0.15667352701621143,0.9380488208109478,0.9380488208109476,-1.1102230246251565e-16
exponential,10,1,4,exponential,10_1_4_0.1_0,0.1,0.09725106107972209,0,0.7788007830714049,0.419631148628966,0.3480919637850803,57.19734619540795,0.8295188880100509,0.9027489389202779,0.5058729279035795,0.57402047014864,0.5740204701486402,2.220446049250313e-16
exponential,10,1,4,exponential,10_1_4_0.1_1,0.1,0.10141685600246435,1,0.7788007830714049,0.49873609440677746,0.4524034805289524,74.33747741386694,0.9070999384294905,0.8985831439975357,0.5498138333801073,0.5096909436625019,0.5096909436625023,4.440892098500626e-16
exponential,10,1,4,exponential,10_1_4_0.1_2,0.1,0.10179164157282604,2,0.7788007830714049,0.4675440256050526,0.40462255870178737,66.48627080292816,0.8654213005463217,0.898208358427174,0.5402501941076585,0.5290722516215033,0.5290722516215036,3.3306690738754696e-16
exponential,10,1,4,exponential,10_1_4_0.2_0,0.2,0.19428473030010576,0,0.7788007830714049,0.416771466877936,0.34008364403678787,55.8814449832518,0.8159955060848528,0.8057152696998943,0.5107521595034338,0.5725323458772376,0.5725323458772371,-4.440892098500626e-16
exponential,10,1,4,exponential,10_1_4_0.2_1,0.2,0.19412288802697444,1,0.7788007830714049,0.42168787401983565,0.3689004387951472,60.61652754049681,0.8748187024647397,0.8058771119730256,0.48202887390468446,0.5886346468759609,0.5886346468759613,4.440892098500626e-16
exponential,10,1,4,exponential,10_1_4_0.2_2,0.2,0.20745153458308216,2,0.7788007830714049,0.30957633492236725,0.2351502302978544,38.63912566100088,0.7595872286453137,0.7925484654169178,0.40755863612199134,0.6924825374233343,0.6924825374233345,2.220446049250313e-16
exponential,10,1,4,exponential,10_1_4_0.3_0,0.3,0.2920916310544754,0,0.7788007830714049,0.36190365465963653,0.29114523881487725,47.840044442741075,0.8044827264557297,0.7079083689455246,0.44985882575012864,0.6382234056141161,0.6382234056141166,5.551115123125783e-16
exponential,10,1,4,exponential,10_1_4_0.3_1,0.3,0.2959671763791531,1,0.7788007830714049,0.3271833286973945,0.2797883163103565,45.973911650871855,0.8551423369407897,0.7040328236208468,0.382606865037076,0.6974428272845313,0.6974428272845319,5.551115123125783e-16
exponential,10,1,4,exponential,10_1_4_0.3_2,0.3,0.2932907887381678,2,0.7788007830714049,0.3895711349984866,0.3250032672851017,53.403486226479295,0.8342591072266282,0.7067092112618323,0.46696659541848884,0.6133606705596188,0.6133606705596184,-4.440892098500626e-16
exponential,10,1,4,exponential,10_1_4_0.5_0,0.5,0.5172602443022608,0,0.7788007830714049,0.23769826276444597,0.18832486549665714,30.94493309149364,0.7922854096888506,0.4827397556977392,0.300015953667247,0.7940958534180995,0.7940958534180997,2.220446049250313e-16
exponential,10,1,4,exponential,10_1_4_0.5_1,0.5,0.5047554148263358,1,0.7788007830714049,0.311002293776406,0.27525480881340797,45.2289803546626,0.8850571662063093,0.4952445851736642,0.35139232317555236,0.7257247403792544,0.7257247403792553,8.881784197001252e-16
exponential,10,1,4,exponential,10_1_4_0.5_2,0.5,0.4900237292161074,2,0.7788007830714049,0.21018517832312833,0.16585988345605768,27.25355986621821,0.7891131276681788,0.5099762707838926,0.2663562054077384,0.8289035384641952,0.8289035384641954,2.220446049250313e-16
exponential,10,1,4,exponential,10_1_4_0.7_0,0.7,0.6490458239255779,0,0.7788007830714049,0.12766971192330137,0.11096831455708923,18.233954715374,0.869182775502418,0.35095417607442214,0.1468847698339441,0.9445320592547776,0.9445320592547777,1.1102230246251565e-16
exponential,10,1,4,exponential,10_1_4_0.7_1,0.7,0.6726514694552242,1,0.7788007830714049,0.10825931935172538,0.08546167342729542,14.042785901480864,0.7894163194360909,0.32734853054477575,0.13713843593841457,0.9603968673811152,0.9603968673811152,0.0
exponential,10,1,4,exponential,10_1_4_0.7_2,0.7,0.7463939733486722,2,0.7788007830714049,0.1288024542388555,0.08675202427790289,14.25481218187297,0.6735277273290701,0.2536060266513278,0.19123556315882093,0.9204719133724015,0.9204719133724018,2.220446049250313e-16
exponential,10,1,8,exponential,10_1_8_0.1_0,0.1,0.09847433329118713,0,0.8824969025845955,0.6008661045298115,0.5183232324541743,85.16919794824352,0.8626268457259235,0.9015256667088128,0.6965539126297033,0.3647587001491327,0.36475870014913414,1.4432899320127035e-15
exponential,10,1,8,exponential,10_1_8_0.1_1,0.1,0.0988985416028548,1,0.8824969025845955,0.6034096014038555,0.5264518321695737,86.50486317575982,0.872461808603581,0.9011014583971452,0.6916172094336631,0.3669874461449078,0.3669874461449054,-2.3869795029440866e-15
exponential,10,1,8,exponential,10_1_8_0.1_2,0.1,0.09813765047771114,2,0.8824969025845955,0.5411415641891042,0.4663951891349382,76.6365497403282,0.8618727889324621,0.9018623495222888,0.6278670949333208,0.43747254184323653,0.43747254184323614,-3.885780586188048e-16
exponential,10,1,8,exponential,10_1_8_0.2_0,0.2,0.1990510192272495,0,0.8824969025845955,0.5301261248685432,0.47795658433088917,78.53628082384446,0.9015903233393928,0.8009489807727506,0.5879900339935032,0.4699086761607134,0.4699086761607141,6.661338147750939e-16
exponential,10,1,8,exponential,10_1_8_0.2_1,0.2,0.19050437178469654,1,0.8824969025845955,0.5734302127908233,0.5173859941395336,85.01519397823746,0.902264970695338,0.8094956282153034,0.6355452460366543,0.4187869691439329,0.41878696914393365,7.771561172376096e-16
exponential,10,1,8,exponential,10_1_8_0.2_2,0.2,0.20426831497973494,2,0.8824969025845955,0.5487672637025863,0.49317175768366855,81.0363889223451,0.8986901921885619,0.795731685020265,0.6106300797232298,0.44632005451012935,0.4463200545101291,-2.220446049250313e-16
exponential,10,1,8,exponential,10_1_8_0.3_0,0.3,0.28751807778195815,0,0.8824969025845955,0.4458337395956972,0.3879052301716757,63.739333421778106,0.8700670131503422,0.7124819222180419,0.5124131048037559,0.5574472279631136,0.5574472279631139,2.220446049250313e-16
exponential,10,1,8,exponential,10_1_8_0.3_1,0.3,0.3013324561126659,1,0.8824969025845955,0.4808094291197882,0.4247580367652891,69.79486746538726,0.8834228512175569,0.6986675438873341,0.5442574056773875,0.5206633748491842,0.520663374849184,-2.220446049250313e-16
exponential,10,1,8,exponential,10_1_8_0.3_2,0.3,0.30095685399349736,2,0.8824969025845955,0.44615697948077665,0.3900717301236781,64.09532569014176,0.8742925653155336,0.6990431460065026,0.5103062718138955,0.5587505981497568,0.558750598149757,2.220446049250313e-16
exponential,10,1,8,exponential,10_1_8_0.5_0,0.5,0.4723222998262645,0,0.8824969025845955,0.32271118334132326,0.2818944788017858,46.31998946276999,0.8735193986247242,0.5276777001737355,0.3694379127119584,0.7082826642389622,0.7082826642389607,-1.5543122344752192e-15
exponential,10,1,8,exponential,10_1_8_0.5_1,0.5,0.5294889699412094,1,0.8824969025845955,0.3070024929175179,0.264193519766091,43.411425096772504,0.8605582230144029,0.4705110300587906,0.35674807898777083,0.7237691819544455,0.7237691819544461,5.551115123125783e-16
exponential,10,1,8,exponential,10_1_8_0.5_2,0.5,0.49032046929667317,2,0.8824969025845955,0.360461322815772,0.3078283407269881,50.581357816667285,0.8539843840175773,0.5096795307033268,0.42209357637194533,0.6561228610227448,0.6561228610227455,7.771561172376096e-16
exponential,10,1,8,exponential,10_1_8_0.7_0,0.7,0.6505380294274298,0,0.8824969025845955,0.30301754573871614,0.2602984763242686,42.7714041501079,0.8590211358543475,0.3494619705725702,0.3527474855870074,0.7282335372144094,0.7282335372144096,2.220446049250313e-16
exponential,10,1,8,exponential,10_1_8_0.7_1,0.7,0.6836524812198002,1,0.8824969025845955,0.1927994646090178,0.1656235823803823,27.21473163736517,0.8590458625819005,0.31634751878019984,0.22443442545611064,0.8634622949243084,0.8634622949243086,2.220446049250313e-16
exponential,10,1,8,exponential,10_1_8_0.7_2,0.7,0.7058406770887322,2,0.8824969025845955,0.23035686397028993,0.19138463957394966,31.44770527639444,0.8308180458587652,0.2941593229112678,0.2772651185401062,0.8115324476759742,0.811532447675975,7.771561172376096e-16
exponential,10,1,16,exponential,10_1_16_0.1_0,0.1,0.09623579902786532,0,0.9394130628134758,0.7406555036806189,0.6865834047257365,112.81716551309549,0.9269942656387806,0.9037642009721347,0.798986068344492,0.23661405689192375,0.23661405689192505,1.304512053934559e-15
exponential,10,1,16,exponential,10_1_16_0.1_1,0.1,0.09819146219560118,1,0.9394130628134758,0.7713634476024875,0.7322652413919287,120.32345723619751,0.9493128611005851,0.9018085378043988,0.8125492439955021,0.21631182204776092,0.2163118220477609,-2.7755575615628914e-17
exponential,10,1,16,exponential,10_1_16_0.1_2,0.1,0.09542592551503551,2,0.9394130628134758,0.7351016209838976,0.6914077804227072,113.60989133162866,0.940560815928132,0.9045740744849645,0.781556714393327,0.2520637604126406,0.25206376041264145,8.326672684688674e-16
exponential,10,1,16,exponential,10_1_16_0.2_0,0.2,0.20090104611582868,0,0.9394130628134758,0.6084324722658444,0.5510368848612697,90.54459955676832,0.9056664625561,0.7990989538841713,0.6718063408781201,0.37906825184345355,0.37906825184345405,4.996003610813204e-16
exponential,10,1,16,exponential,10_1_16_0.2_1,0.2,0.19400927431015708,1,0.9394130628134758,0.6958231948740452,0.6577192717676055,108.07430449589648,0.9452390731048609,0.8059907256898429,0.7361346083467007,0.3003009548427558,0.30030095484275465,-1.1657341758564144e-15
exponential,10,1,16,exponential,10_1_16_0.2_2,0.2,0.20442945695965437,2,0.9394130628134758,0.6269513491807671,0.5680320574161466,93.33719136986795,0.9060225457021347,0.7955705430403457,0.6919820617652538,0.3573261533129991,0.35732615331299766,-1.4432899320127035e-15
exponential,10,1,16,exponential,10_1_16_0.3_0,0.3,0.2877030620615831,0,0.9394130628134758,0.590864308658971,0.5606140272245419,92.11828462940908,0.9488033360771354,0.712296937938417,0.6227468709183956,0.4228240071841468,0.4228240071841458,-9.992007221626409e-16
exponential,10,1,16,exponential,10_1_16_0.3_1,0.3,0.30652223791072614,1,0.9394130628134758,0.6112642953107613,0.5801895048276744,95.33486382656092,0.9491630858836786,0.6934777620892738,0.6440034430349441,0.39964196372338534,0.39964196372338434,-9.992007221626409e-16
exponential,10,1,16,exponential,10_1_16_0.3_2,0.3,0.2881326276852033,2,0.9394130628134758,0.6128188037631153,0.5803639547313791,95.36352887078503,0.9470400568121576,0.7118673723147967,0.6470885780966137,0.39668995173201055,0.3966899517320108,2.7755575615628914e-16
exponential,10,1,16,exponential,10_1_16_0.5_0,0.5,0.5050564613392301,0,0.9394130628134758,0.40649934055976394,0.379219665005819,62.31214943197186,0.9328912181840692,0.4949435386607699,0.4357414161868092,0.6282990173857083,0.6282990173857094,1.1102230246251565e-15
exponential,10,1,16,exponential,10_1_16_0.5_1,0.5,0.5224227838989879,1,0.9394130628134758,0.3414682056969358,0.323276066444361,53.11967816793463,0.9467237682775043,0.4775772161010121,0.360684095127571,0.7080120484060537,0.7080120484060535,-2.220446049250313e-16
exponential,10,1,16,exponential,10_1_16_0.5_2,0.5,0.4861870390075903,2,0.9394130628134758,0.40283443603187963,0.3767504998590213,61.906424197239865,0.9352489910500251,0.5138129609924097,0.43072426689240084,0.6334065778093597,0.63340657780936,3.3306690738754696e-16
exponential,10,1,16,exponential,10_1_16_0.7_0,0.7,0.7152110722777918,0,0.9394130628134758,0.24245083943915946,0.2236604432540806,36.75116099755923,0.922498118676161,0.2847889277222082,0.2628198741338255,0.8163927200503532,0.8163927200503538,5.551115123125783e-16
exponential,10,1,16,exponential,10_1_16_0.7_1,0.7,0.6660913770359743,1,0.9394130628134758,0.28776503391656566,0.27229170232965705,44.742092276230544,0.9462292851347779,0.3339086229640257,0.3041176577784499,0.7695324642635606,0.76953246426356,-5.551115123125783e-16
exponential,10,1,16,exponential,10_1_16_0.7_2,0.7,0.7425532862910211,2,0.9394130628134758,0.22496353365334623,0.20660412504275003,33.94852192785965,0.918389401551245,0.25744671370897887,0.24495440961466008,0.836016645231782,0.8360166452317828,7.771561172376096e-16
exponential,10,1,32,exponential,10_1_32_0.1_0,0.1,0.09676758192945743,0,0.9692332344763441,0.8153719012583697,0.7800295020505206,128.1719261377777,0.9566548722695681,0.9032324180705426,0.8523156311575367,0.1712827493287293,0.17128274932872922,-8.326672684688674e-17
exponential,10,1,32,exponential,10_1_32_0.1_1,0.1,0.10359927545746499,1,0.9692332344763441,0.7311949190962732,0.675204311100791,110.94738963439173,0.9234258792926457,0.896400724542535,0.7918284894250273,0.2452940417981662,0.24529404179816572,-4.718447854656915e-16
exponential,10,1,32,exponential,10_1_32_0.1_2,0.1,0.10037784893435908,2,0.9692332344763441,0.7977367214005914,0.7664962496353735,125.94818585052151,0.9608386188987655,0.8996221510656409,0.8302504767292678,0.19437318187065217,0.19437318187065356,1.3877787807814457e-15
exponential,10,1,32,exponential,10_1_32_0.2_0,0.2,0.20293657492591302,0,0.9692332344763441,0.7409260102751878,0.7219703917492503,118.6318408235718,0.974416313824781,0.797063425074087,0.7603793160716937,0.26792133202394913,0.26792133202394974,6.106226635438361e-16
exponential,10,1,32,exponential,10_1_32_0.2_1,0.2,0.19593830858635133,1,0.9692332344763441,0.7287510458709416,0.7127431496210779,117.11565022642321,0.9780337931031955,0.8040616914136487,0.745118472398273,0.28396674291708557,0.2839667429170869,1.3322676295501878e-15
exponential,10,1,32,exponential,10_1_32_0.2_2,0.2,0.2131007031244456,2,0.9692332344763441,0.7002884121065697,0.6752252231402129,110.95082583310617,0.9642101903543384,0.7868992968755544,0.726281903170117,0.30712587661305285,0.30712587661305246,-3.885780586188048e-16
exponential,10,1,32,exponential,10_1_32_0.3_0,0.3,0.32492591053189235,0,0.9692332344763441,0.6497604328679958,0.6248648905725914,102.67577878788165,0.9616850441546322,0.6750740894681077,0.6756478504240094,0.3628575357793421,0.3628575357793409,-1.2212453270876722e-15
exponential,10,1,32,exponential,10_1_32_0.3_1,0.3,0.30104878811603125,1,0.9692332344763441,0.6335976701857908,0.5954051887060577,97.8350558129784,0.9397212406596542,0.6989512118839687,0.6742400222230005,0.36866932946387,0.36866932946387054,5.551115123125783e-16
exponential,10,1,32,exponential,10_1_32_0.3_2,0.3,0.30224798916196693,2,0.9692332344763441,0.5599174690383467,0.5142534918742817,84.50047133260313,0.9184451643516455,0.6977520108380331,0.6096362534976241,0.44299320461016045,0.4429932046101601,-3.3306690738754696e-16
exponential,10,1,32,exponential,10_1_32_0.5_0,0.5,0.508325417181778,0,0.9692332344763441,0.41328449481394397,0.3897732844787562,64.0462860665679,0.9431113176753165,0.49167458281822196,0.43821390653295583,0.6242269664029928,0.6242269664029928,0.0
exponential,10,1,32,exponential,10_1_32_0.5_1,0.5,0.48985136183470096,1,0.9692332344763441,0.4600911909600448,0.4462136905276315,73.3203911308839,0.9698375002497744,0.5101486381652991,0.4744002895758843,0.5814099395547794,0.5814099395547789,-4.440892098500626e-16
exponential,10,1,32,exponential,10_1_32_0.5_2,0.5,0.49991796773355024,2,0.9692332344763441,0.454689518553794,0.4285908669317544,70.42466572776506,0.9426011584673204,0.5000820322664498,0.48237742386517335,0.5763527431309908,0.5763527431309909,1.1102230246251565e-16
exponential,10,1,32,exponential,10_1_32_0.7_0,0.7,0.6987546813956438,0,0.9692332344763441,0.2650946698296946,0.25822226033480117,42.43024705060263,0.9740756406030023,0.3012453186043562,0.2721499838201349,0.8022106946419321,0.802210694641932,-1.1102230246251565e-16
exponential,10,1,32,exponential,10_1_32_0.7_1,0.7,0.6680191557191323,1,0.9692332344763441,0.27657498384444135,0.2688773052222155,44.181049581422705,0.9721678420975507,0.3319808442808677,0.2844930390288397,0.7888396070111108,0.7888396070111114,6.661338147750939e-16
exponential,10,1,32,exponential,10_1_32_0.7_2,0.7,0.6770749825249722,2,0.9692332344763441,0.3111843495684105,0.2897750528711305,47.6148999179311,0.931200599493602,0.3229250174750278,0.3341754179901047,0.7384288484471957,0.7384288484471965,7.771561172376096e-16
squared_exponential,10,1,2,squared_exponential,10_1_2_0.1_0,0.1,0.09774674478257472,0,0.7788007830714049,0.18570330537919164,0.16412940275860807,26.969212872222084,0.8838259632668825,0.9022532552174253,0.21011297823021313,0.8763098517243638,0.8763098517243639,1.1102230246251565e-16
squared_exponential,10,1,2,squared_exponential,10_1_2_0.1_1,0.1,0.10081388340578981,1,0.7788007830714049,0.2430258787025919,0.17093616212265517,28.08767756638152,0.7033660902090264,0.8991861165942102,0.34551833260879755,0.7677907885052058,0.7677907885052059,1.1102230246251565e-16
squared_exponential,10,1,2,squared_exponential,10_1_2_0.1_2,0.1,0.10181982769545173,2,0.7788007830714049,0.2597389166696862,0.18321811677399932,30.105808650220524,0.7053933970433877,0.8981801723045483,0.3682185256601006,0.7454184717572278,0.7454184717572272,-5.551115123125783e-16
squared_exponential,10,1,2,squared_exponential,10_1_2_0.2_0,0.2,0.19086757140822191,0,0.7788007830714049,0.2902032115609714,0.2575922791193962,42.326730573858086,0.8876272517241813,0.809132428591778,0.3269426563878734,0.751426628085514,0.751426628085514,0.0
squared_exponential,10,1,2,squared_exponential,10_1_2_0.2_1,0.2,0.2126042699859878,1,0.7788007830714049,0.15568517623453945,0.12331848150914529,20.26329422395278,0.7921016277321496,0.7873957300140122,0.1965469717317443,0.8996162808891514,0.8996162808891519,5.551115123125783e-16
squared_exponential,10,1,2,squared_exponential,10_1_2_0.2_2,0.2,0.20902726123464974,2,0.7788007830714049,0.16764825211225465,0.13276950082983674,21.816255165960737,0.7919527889914197,0.7909727387653502,0.21168970479384347,0.8841960465223435,0.884196046522344,4.440892098500626e-16
squared_exponential,10,1,2,squared_exponential,10_1_2_0.3_0,0.3,0.32220009864280386,0,0.7788007830714049,0.12599741776643075,0.1130863118422465,18.581977182318603,0.8975288053274364,0.6777999013571961,0.14038258941501536,0.9497828451251604,0.9497828451251605,1.1102230246251565e-16
squared_exponential,10,1,2,squared_exponential,10_1_2_0.3_1,0.3,0.30031468743416595,1,0.7788007830714049,0.19814081557164875,0.19276605372421018,31.674694783800796,0.972874029856332,0.699685312565834,0.20366543816665447,0.8772078172084916,0.8772078172084918,2.220446049250313e-16
squared_exponential,10,1,2,squared_exponential,10_1_2_0.3_2,0.3,0.30020696892713533,2,0.7788007830714049,0.17494209759561782,0.15768351183690657,25.91004491391198,0.9013468685015723,0.6997930310728646,0.19408964928945405,0.8920309654619805,0.8920309654619802,-2.220446049250313e-16
squared_exponential,10,1,2,squared_exponential,10_1_2_0.5_0,0.5,0.48552913400274705,0,0.7788007830714049,0.09022970797345058,0.07522055630476661,12.359998642862434,0.8336562091822318,0.514470865997253,0.1082337143052778,0.9872390847273887,0.987239084727389,2.220446049250313e-16
squared_exponential,10,1,2,squared_exponential,10_1_2_0.5_1,0.5,0.4792595704146515,1,0.7788007830714049,0.09271848215694206,0.07403780419340111,12.16565263946291,0.7985226081255227,0.5207404295853485,0.11611253233592518,0.9811970594601768,0.981197059460177,2.220446049250313e-16
squared_exponential,10,1,2,squared_exponential,10_1_2_0.5_2,0.5,0.5215040145051338,2,0.7788007830714049,0.09003124870973,0.08978058855079454,14.752456072608068,0.9972158538004553,0.47849598549486616,0.0902826086916037,1.000740032276255,1.0007400322762552,2.220446049250313e-16
squared_exponential,10,1,2,squared_exponential,10_1_2_0.7_0,0.7,0.6687837818235789,0,0.7788007830714049,0.09262494146394974,0.08992633438028316,14.776404556150032,0.9708652222499174,0.3312162181764211,0.09540453127911763,0.9956838180143555,0.9956838180143555,0.0
squared_exponential,10,1,2,squared_exponential,10_1_2_0.7_1,0.7,0.6970492574843833,1,0.7788007830714049,0.10046513753657235,0.06846098841752135,11.249288299612905,0.681440249784155,0.3029507425156167,0.14743058920924396,0.9606846145026245,0.9606846145026244,-1.1102230246251565e-16
squared_exponential,10,1,2,squared_exponential,10_1_2_0.7_2,0.7,0.7223857731269228,2,0.7788007830714049,0.09099637984411997,0.08276161465913821,13.599120973308068,0.909504474803413,0.27761422687307724,0.10005050262538685,0.9924926935049844,0.9924926935049846,2.220446049250313e-16
squared_exponential,10,1,4,squared_exponential,10_1_4_0.1_0,0.1,0.0990895355389912,0,0.9394130628134758,0.4972355544272688,0.3853508682891207,63.31960893484608,0.774986552868247,0.9009104644610088,0.6416053963607317,0.4523446726056709,0.4523446726056711,2.220446049250313e-16
squared_exponential,10,1,4,squared_exponential,10_1_4_0.1_1,0.1,0.09907840212507875,1,0.9394130628134758,0.47955527922482455,0.3494759412059124,57.42475689114822,0.7287500656250132,0.9009215978749212,0.6580517818733004,0.45541778863567184,0.45541778863567206,2.220446049250313e-16
squared_exponential,10,1,4,squared_exponential,10_1_4_0.1_2,0.1,0.1001173894175344,2,0.9394130628134758,0.5483802498130904,0.44584545408208776,73.25988370856797,0.8130224497217933,0.8998826105824655,0.6744958272686562,0.4045004090476978,0.40450040904769824,4.440892098500626e-16
squared_exponential,10,1,4,squared_exponential,10_1_4_0.2_0,0.2,0.19512743743675082,0,0.9394130628134758,0.5006714464403155,0.37808148252785995,62.125126966651266,0.7551488809996091,0.8048725625632491,0.6630102474330153,0.43893044139444254,0.43893044139444304,4.996003610813204e-16
squared_exponential,10,1,4,squared_exponential,10_1_4_0.2_1,0.2,0.19731404936025954,1,0.9394130628134758,0.4475833931811446,0.35261897136078296,57.94120944557069,0.7878285404080488,0.8026859506397405,0.5681228468180687,0.5221902878624153,0.5221902878624156,3.3306690738754696e-16
squared_exponential,10,1,4,squared_exponential,10_1_4_0.2_2,0.2,0.20170293315606702,2,0.9394130628134758,0.5130933982368971,0.4330732134667409,71.16119042009522,0.8440436282261214,0.798297066843933,0.6078991429806021,0.46357909564627187,0.46357909564627264,7.771561172376096e-16
squared_exponential,10,1,4,squared_exponential,10_1_4_0.3_0,0.3,0.3300978055112262,0,0.9394130628134758,0.3149959875099523,0.22086388873307977,36.29164019922567,0.7011641338005983,0.6699021944887738,0.44924714817134803,0.6687855248398669,0.6687855248398673,4.440892098500626e-16
squared_exponential,10,1,4,squared_exponential,10_1_4_0.3_1,0.3,0.2752064123872779,1,0.9394130628134758,0.4313298858125146,0.32058001770151007,52.676672154156755,0.7432362751716584,0.7247935876127221,0.5803401962759344,0.5258622443063301,0.52586224430633,-1.1102230246251565e-16
squared_exponential,10,1,4,squared_exponential,10_1_4_0.3_2,0.3,0.3196050914780049,2,0.9394130628134758,0.4154877126741513,0.3273525508102434,53.7895129006879,0.787875407201203,0.6803949085219951,0.5273520519571776,0.563641870380916,0.5636418703809165,5.551115123125783e-16
squared_exponential,10,1,4,squared_exponential,10_1_4_0.5_0,0.5,0.49895164701874317,0,0.9394130628134758,0.2323396135568165,0.16852553362197206,27.69157088410482,0.7253413700834993,0.5010483529812568,0.32031760925213765,0.7869937531461417,0.786993753146142,2.220446049250313e-16
squared_exponential,10,1,4,squared_exponential,10_1_4_0.5_1,0.5,0.506127229140545,1,0.9394130628134758,0.27314532337661523,0.22926865886841385,37.67268485735614,0.8393651263517925,0.493872770859455,0.3254189563054771,0.7600511462283418,0.7600511462283421,3.3306690738754696e-16
squared_exponential,10,1,4,squared_exponential,10_1_4_0.5_2,0.5,0.5059410013442505,2,0.9394130628134758,0.27927118587668814,0.2049546109701094,33.67747910790741,0.7338910039240741,0.49405899865574954,0.3805349627988907,0.7259167781197227,0.7259167781197223,-3.3306690738754696e-16
squared_exponential,10,1,4,squared_exponential,10_1_4_0.7_0,0.7,0.7285956508919801,0,0.9394130628134758,0.18974110528172194,0.13830764877332513,22.726265732595568,0.7289282339109918,0.2714043491080199,0.260301489851319,0.844994673332549,0.8449946733325489,-1.1102230246251565e-16
squared_exponential,10,1,4,squared_exponential,10_1_4_0.7_1,0.7,0.6765095593715106,1,0.9394130628134758,0.18466282106802964,0.13843356600613263,22.746956045231755,0.749655860370149,0.3234904406284894,0.24633012403431465,0.8552645672694602,0.8552645672694601,-1.1102230246251565e-16
squared_exponential,10,1,4,squared_exponential,10_1_4_0.7_2,0.7,0.6711487769317506,2,0.9394130628134758,0.2074676563753652,0.15980943009618415,26.259368929717514,0.7702859948783803,0.32885122306824943,0.26933847655911497,0.8288931743358351,0.8288931743358354,3.3306690738754696e-16
squared_exponential,10,1,8,squared_exponential,10_1_8_0.1_0,0.1,0.09827080411948207,0,0.9844964370054085,0.7779768792439297,0.6724679670505173,110.49776242596273,0.8643804012582605,0.9017291958805179,0.9000399339358515,0.14926741185760328,0.14926741185760628,2.9976021664879227e-15
squared_exponential,10,1,8,squared_exponential,10_1_8_0.1_1,0.1,0.10013847349937703,1,0.9844964370054085,0.7646903708074003,0.6634583807560466,109.01733633178144,0.8676170200175691,0.899861526500623,0.8813685683481814,0.16773180106564115,0.16773180106564145,3.0531133177191805e-16
squared_exponential,10,1,8,squared_exponential,10_1_8_0.1_2,0.1,0.10274899401270407,2,0.9844964370054085,0.7707595353423861,0.6623811568365192,108.84033037971865,0.8593875605343979,0.8972510059872959,0.8968707143760613,0.15462397046809587,0.1546239704680954,-4.718447854656915e-16
squared_exponential,10,1,8,squared_exponential,10_1_8_0.2_0,0.2,0.20763799499223728,0,0.9844964370054085,0.6389869843102299,0.5145768242184277,84.55360025814105,0.8053009479902007,0.7923620050077627,0.7934760115519017,0.28514517317612526,0.2851451731761252,-5.551115123125783e-17
squared_exponential,10,1,8,squared_exponential,10_1_8_0.2_1,0.2,0.1889309132593517,1,0.9844964370054085,0.719658899620679,0.6406022484445137,105.26169055847667,0.8901470526970002,0.8110690867406483,0.8084719231954203,0.23722422435870408,0.23722422435870438,3.0531133177191805e-16
squared_exponential,10,1,8,squared_exponential,10_1_8_0.2_2,0.2,0.21355358528823545,2,0.9844964370054085,0.6610275610436029,0.5629709061306765,92.50555935206847,0.8516602624584689,0.7864464147117646,0.7761634423748142,0.2846186934304033,0.2846186934304029,-3.885780586188048e-16
squared_exponential,10,1,8,squared_exponential,10_1_8_0.3_0,0.3,0.30242154996565396,0,0.9844964370054085,0.601125898641515,0.5229246490448496,85.92528784720093,0.8699087000353961,0.697578450034346,0.691021826333103,0.36838038685733504,0.36838038685733476,-2.7755575615628914e-16
squared_exponential,10,1,8,squared_exponential,10_1_8_0.3_1,0.3,0.31309487869912295,1,0.9844964370054085,0.5625175918828742,0.4717939695870378,77.52365989131808,0.8387186043512633,0.686905121300877,0.6706869133038648,0.3995793888625847,0.3995793888625858,1.1102230246251565e-15
squared_exponential,10,1,8,squared_exponential,10_1_8_0.3_2,0.3,0.31016532709832695,2,0.9844964370054085,0.5669896660390298,0.49392272540723275,81.15978551099143,0.8711317947957673,0.6898346729016731,0.6508655400093136,0.4105511207884487,0.41055112078845,1.3322676295501878e-15
squared_exponential,10,1,8,squared_exponential,10_1_8_0.5_0,0.5,0.49241244611435797,0,0.9844964370054085,0.4090172811859622,0.35243203995105526,57.910493480626464,0.8616556222983153,0.507587553885642,0.4746876485236414,0.5991542735840258,0.5991542735840255,-3.3306690738754696e-16
squared_exponential,10,1,8,squared_exponential,10_1_8_0.5_1,0.5,0.5245097229951321,1,0.9844964370054085,0.3805796992127185,0.31604299780418654,51.931163711672596,0.8304252656091877,0.4754902770048679,0.4582949423311811,0.6232792995983307,0.623279299598331,2.220446049250313e-16
squared_exponential,10,1,8,squared_exponential,10_1_8_0.5_2,0.5,0.5037396039311561,2,0.9844964370054085,0.44822274428271136,0.39712679883862023,65.25459177411861,0.8860032292072556,0.49626039606884387,0.505892901410478,0.5609686303893342,0.5609686303893355,1.3322676295501878e-15
squared_exponential,10,1,8,squared_exponential,10_1_8_0.7_0,0.7,0.7030425879820796,0,0.9844964370054085,0.25294634377914244,0.21977931112551488,36.11342591291719,0.8688772007608577,0.29695741201792036,0.29111863397686416,0.7919086924546779,0.7919086924546787,7.771561172376096e-16
squared_exponential,10,1,8,squared_exponential,10_1_8_0.7_1,0.7,0.7579411541530633,1,0.9844964370054085,0.23244838269694362,0.2052148107277578,33.72023429092383,0.8828403465181696,0.2420588458469367,0.2632960575643103,0.8197965642610947,0.8197965642610948,1.1102230246251565e-16
squared_exponential,10,1,8,squared_exponential,10_1_8_0.7_2,0.7,0.7034070752245266,2,0.9844964370054085,0.2645420598370191,0.24392075125362678,40.080269311565374,0.9220490359979171,0.2965929247754734,0.2869067148372538,0.7904445564542254,0.7904445564542258,4.440892098500626e-16
squared_exponential,10,1,16,squared_exponential,10_1_16_0.1_0,0.1,0.09905928038217239,0,0.9961013694701175,0.8471807478100538,0.7889505514265321,129.63780413173538,0.931265911632145,0.9009407196178276,0.909708749378872,0.1156940006637728,0.11569400066377145,-1.3600232051658168e-15
squared_exponential,10,1,16,squared_exponential,10_1_16_0.1_1,0.1,0.10248833579278034,1,0.9961013694701175,0.8525539042049632,0.8031682652912875,131.9740129116995,0.9420732945212072,0.8975116642072196,0.9049761936392212,0.11774363035223388,0.11774363035223234,-1.5404344466674047e-15
squared_exponential,10,1,16,squared_exponential,10_1_16_0.1_2,0.1,0.09751717954552289,2,0.9961013694701175,0.8574558611871939,0.8024291728281007,131.85256762744868,0.9358256315574007,0.9024828204544771,0.9162560120951336,0.10727453317090606,0.10727453317090285,-3.2057689836051395e-15
squared_exponential,10,1,16,squared_exponential,10_1_16_0.2_0,0.2,0.188761695587326,0,0.9961013694701175,0.769120270153793,0.7263062375545678,119.34429298960278,0.9443337612326039,0.811238304412674,0.8144580885786492,0.21543507349152324,0.2154350734915249,1.6653345369377348e-15
squared_exponential,10,1,16,squared_exponential,10_1_16_0.2_1,0.2,0.20228227867108856,1,0.9961013694701175,0.7530165044692883,0.7065623202910385,116.10003633197758,0.9383092084933918,0.7977177213289115,0.8025249008036262,0.2298730793233605,0.2298730793233581,-2.4147350785597155e-15
squared_exponential,10,1,16,squared_exponential,10_1_16_0.2_2,0.2,0.18973852555710094,2,0.9961013694701175,0.7558367809227747,0.7072047276561441,116.20559463347031,0.9356579958873429,0.8102614744428991,0.8078130943625053,0.22481069304498064,0.22481069304498025,-3.885780586188048e-16
squared_exponential,10,1,16,squared_exponential,10_1_16_0.3_0,0.3,0.3015939988301133,0,0.9961013694701175,0.6588298920506023,0.6265103767937101,102.94615976429286,0.9509440666750898,0.6984060011698867,0.6928166599263356,0.34619955501313465,0.3461995550131347,5.551115123125783e-17
squared_exponential,10,1,16,squared_exponential,10_1_16_0.3_1,0.3,0.3042991820655562,1,0.9961013694701175,0.6619743917263876,0.6208023749690091,102.00823935699204,0.9378042152808895,0.6957008179344438,0.7058769633788798,0.3347733540193337,0.33477335401933317,-5.551115123125783e-16
squared_exponential,10,1,16,squared_exponential,10_1_16_0.3_2,0.3,0.3003301000436568,2,0.9961013694701175,0.6724519823195622,0.6433202261800068,105.70829987343458,0.9566783102652654,0.6996698999563432,0.702902924738731,0.33408423892288175,0.33408423892288197,2.220446049250313e-16
squared_exponential,10,1,16,squared_exponential,10_1_16_0.5_0,0.5,0.48231664996905893,0,0.9961013694701175,0.4891424117285633,0.462652222361243,76.02151754014464,0.9458436056000387,0.517683350030941,0.5171493562281406,0.538102176667993,0.5381021766679921,-8.881784197001252e-16
squared_exponential,10,1,16,squared_exponential,10_1_16_0.5_1,0.5,0.4949326598210838,1,0.9961013694701175,0.4910972153344975,0.4693387949565251,77.1202335329942,0.9556942705057851,0.5050673401789162,0.5138643502326247,0.5402104847918777,0.5402104847918777,0.0
squared_exponential,10,1,16,squared_exponential,10_1_16_0.5_2,0.5,0.49431862633470214,2,0.9961013694701175,0.4780716638933279,0.4454534718397009,73.19547445367894,0.9317713336364879,0.5056813736652979,0.5130783129241858,0.5447647968690756,0.5447647968690752,-4.440892098500626e-16
squared_exponential,10,1,16,squared_exponential,10_1_16_0.7_0,0.7,0.7043302870024389,0,0.9961013694701175,0.29702563644768387,0.2680028760815434,44.03736621183692,0.9022887023718158,0.29566971299756106,0.32919135047009085,0.7471513155780214,0.7471513155780214,0.0
squared_exponential,10,1,16,squared_exponential,10_1_16_0.7_1,0.7,0.7284812681847164,1,0.9961013694701175,0.25800755167050865,0.2582516540852131,42.435076936647725,1.000946105697775,0.27151873181528363,0.25776367998419614,0.8164113853356746,0.8164113853356746,0.0
squared_exponential,10,1,16,squared_exponential,10_1_16_0.7_2,0.7,0.7185909570729269,2,0.9961013694701175,0.26780280317009486,0.25962566848459134,42.66085054091063,0.9694658360976535,0.28140904292707314,0.27623748377567303,0.7980574952959416,0.7980574952959425,8.881784197001252e-16
squared_exponential,10,1,32,squared_exponential,10_1_32_0.1_0,0.1,0.10357972866478762,0,0.9990239141819757,0.8898862851038407,0.8730985637833458,143.46473349285048,0.9811349813998583,0.8964202713352124,0.9069967965408527,0.10601613719732915,0.10601613719732983,6.800116025829084e-16
squared_exponential,10,1,32,squared_exponential,10_1_32_0.1_1,0.1,0.10337106422608176,1,0.9990239141819757,0.8876780348709699,0.8778473936830026,144.24504587018959,0.9889254427824202,0.8966289357739182,0.8976187652462628,0.11470658457276159,0.11470658457276262,1.0269562977782698e-15
squared_exponential,10,1,32,squared_exponential,10_1_32_0.1_2,0.1,0.09661091389651574,2,0.9990239141819757,0.8934312444108778,0.8803946383123153,144.66360087307712,0.9854083834876866,0.9033890861034842,0.9066608924603714,0.10549268565932952,0.10549268565932834,-1.1796119636642288e-15
squared_exponential,10,1,32,squared_exponential,10_1_32_0.2_0,0.2,0.197286704337571,0,0.9990239141819757,0.7946916601972482,0.7835446071849116,128.74951685001017,0.9859731093571942,0.802713295662429,0.8059972961284391,0.21580682607192453,0.21580682607192392,-6.106226635438361e-16
squared_exponential,10,1,32,squared_exponential,10_1_32_0.2_1,0.2,0.19773230685103343,1,0.9990239141819757,0.794041230859994,0.7782481068764867,127.87921304158294,0.9801104484632336,0.8022676931489665,0.8101548474511345,0.2123408344688509,0.21234083446885021,-6.938893903907228e-16
squared_exponential,10,1,32,squared_exponential,10_1_32_0.2_2,0.2,0.20675868193078611,2,0.9990239141819757,0.783948032916781,0.774685241495457,127.2937745200197,0.9881844318342626,0.7932413180692139,0.7933215781001739,0.22932065151235104,0.2293206515123496,-1.4432899320127035e-15
squared_exponential,10,1,32,squared_exponential,10_1_32_0.3_0,0.3,0.29011707092835054,0,0.9990239141819757,0.7026241393035954,0.6858881278755676,112.7029198687309,0.9761807053133478,0.7098829290716495,0.7197685177336685,0.3120510364808206,0.3120510364808202,-3.885780586188048e-16
squared_exponential,10,1,32,squared_exponential,10_1_32_0.3_1,0.3,0.3189019756098846,1,0.9990239141819757,0.6843810343113316,0.6731453129993882,110.60906172259213,0.9835826524280447,0.6810980243901155,0.6958042952688193,0.33706871307678565,0.3370687130767862,5.551115123125783e-16
squared_exponential,10,1,32,squared_exponential,10_1_32_0.3_2,0.3,0.29704257697987557,2,0.9990239141819757,0.6782984800088969,0.6667551027048638,109.55904302493832,0.9829818617551941,0.7029574230201244,0.6900417051416796,0.3434826324165827,0.34348263241658383,1.1102230246251565e-15
squared_exponential,10,1,32,squared_exponential,10_1_32_0.5_0,0.5,0.5101620918535646,0,0.9990239141819757,0.48554216709642134,0.4741472978475247,77.91035118336299,0.9765316587907518,0.48983790814643535,0.49721088172161537,0.5556482338699293,0.5556482338699297,3.3306690738754696e-16
squared_exponential,10,1,32,squared_exponential,10_1_32_0.5_1,0.5,0.47831415267886374,1,0.9990239141819757,0.5041338955189268,0.49740381388777505,81.73178671663074,0.9866502100117187,0.5216858473211363,0.5109550379692709,0.5393956414611442,0.5393956414611438,-3.3306690738754696e-16
squared_exponential,10,1,32,squared_exponential,10_1_32_0.5_2,0.5,0.5187411260417925,2,0.9990239141819757,0.46353899097986595,0.45379962151666314,74.56688678759494,0.9789891041471723,0.48125887395820754,0.4734873851161695,0.5813416774052648,0.5813416774052651,3.3306690738754696e-16
squared_exponential,10,1,32,squared_exponential,10_1_32_0.7_0,0.7,0.7200320778066525,0,0.9990239141819757,0.31066906746069867,0.30565399127144743,50.22407574325767,0.9838571756427419,0.27996792219334754,0.3157664294695441,0.7537504572229062,0.7537504572229055,-7.771561172376096e-16
squared_exponential,10,1,32,squared_exponential,10_1_32_0.7_1,0.7,0.6703093684990559,1,0.9990239141819757,0.32458604617231884,0.3122578020815324,51.309192587111674,0.9620185641491147,0.32969063150094413,0.3374010214235402,0.7318599295287419,0.7318599295287417,-2.220446049250313e-16
squared_exponential,10,1,32,squared_exponential,10_1_32_0.7_2,0.7,0.6697081124259825,2,0.9990239141819757,0.31794400478549967,0.310804422820519,51.07037800535151,0.9775445303024431,0.3302918875740175,0.32524759223718513,0.7438359709674671,0.7438359709674678,6.661338147750939e-16
exponential,10,3,2,exponential,10_3_2_0.1_0,0.1,0.10147208635897666,0,0.22313016014842982,0.024225590080433908,0.018576872835179958,3.0524916899199037,0.7668284972007264,0.8985279136410234,0.031591927228667625,1.0682680053907943,1.0682680053907943,0.0
exponential,10,3,2,exponential,10_3_2_0.1_1,0.1,0.09789827073282541,1,0.22313016014842982,0.14622259070888954,0.1065668311306694,17.51071718763342,0.7287986802451771,0.9021017292671746,0.20063509261528628,0.9034649665998236,0.9034649665998236,0.0
exponential,10,3,2,exponential,10_3_2_0.1_2,0.1,0.09676394580843944,2,0.22313016014842982,0.06840548334610505,0.053135339962256126,8.731027289410015,0.776770185124079,0.9032360541915605,0.08806399197103344,1.0110108392738204,1.0110108392738204,0.0
exponential,10,3,2,exponential,10_3_2_0.2_0,0.2,0.19923863098846875,0,0.22313016014842982,0.04383108904133008,0.030185048885007427,4.959909652114419,0.6886675541313779,0.8007613690115313,0.06364622346208047,1.0395043659138463,1.0395043659138468,4.440892098500626e-16
exponential,10,3,2,exponential,10_3_2_0.2_1,0.2,0.188333692987924,1,0.22313016014842982,0.05886490911778272,0.029308136159451468,4.8158181878893185,0.49788807285523634,0.811666307012076,0.11822920115400719,1.0086475043079408,1.0086475043079408,0.0
exponential,10,3,2,exponential,10_3_2_0.2_2,0.2,0.1985794194324364,2,0.22313016014842982,0.06344410860652862,0.03455678874264076,5.6782598127854795,0.5446808143677622,0.8014205805675636,0.116479425992214,1.0042128926553193,1.0042128926553195,2.220446049250313e-16
exponential,10,3,2,exponential,10_3_2_0.3_0,0.3,0.29392893938642484,0,0.22313016014842982,0.07575502116365768,0.0381209799313207,6.263916186775826,0.5032139037881843,0.7060710606135752,0.15054238484544122,0.9827988396108736,0.9827988396108734,-1.1102230246251565e-16
exponential,10,3,2,exponential,10_3_2_0.3_1,0.3,0.3137008704218738,1,0.22313016014842982,0.03927665935378155,0.018278838233528834,3.0035196076474877,0.465386785288524,0.6862991295781262,0.08439573403321143,1.0378976357026128,1.0378976357026128,0.0
exponential,10,3,2,exponential,10_3_2_0.3_2,0.3,0.2931146178575723,2,0.22313016014842982,0.006717192619726405,-0.0015578512406718356,-0.25598107972601214,-0.23191998932662553,0.7068853821424277,-0.028963405177922022,1.0851635486439424,1.0851635486439426,2.220446049250313e-16
exponential,10,3,2,exponential,10_3_2_0.5_0,0.5,0.5419094390134606,0,0.22313016014842982,-0.0028896212788999272,0.014599296522412195,2.3989092087095654,,0.45809056098653944,0.0005719392795846592,1.1189186094279708,1.1189186094279708,0.0
exponential,10,3,2,exponential,10_3_2_0.5_1,0.5,0.5047788168228501,1,0.22313016014842982,0.030447085801735645,0.015317962461106576,2.516998072489627,0.5031011033651493,0.4952211831771499,0.06051882136230824,1.0528919946115247,1.0528919946115247,0.0
exponential,10,3,2,exponential,10_3_2_0.5_2,0.5,0.5114428444042641,2,0.22313016014842982,-9.345478020363475e-05,0.001442763817569211,0.23707028641047756,,0.48855715559573587,6.053517447938572e-06,1.1014853969962193,1.1014853969962197,4.440892098500626e-16
exponential,10,3,2,exponential,10_3_2_0.7_0,0.7,0.704972976179724,0,0.22313016014842982,-0.019390925641190083,-0.008780260887174061,-1.4427440846056667,,0.295027023820276,-0.04282423974114757,1.1308796164839234,1.1308796164839234,0.0
exponential,10,3,2,exponential,10_3_2_0.7_1,0.7,0.7169603963054237,1,0.22313016014842982,0.012249131258116969,-0.010608456295595866,-1.7431472440216644,-0.8660578511285117,0.28303960369457626,-0.014143548542578082,1.0659541268177297,1.0659541268177297,0.0
exponential,10,3,2,exponential,10_3_2_0.7_2,0.7,0.6835393047792028,2,0.22313016014842982,0.0375017503842552,0.025566449975901687,4.20099641013863,0.6817401778300874,0.31646069522079723,0.05500886056564777,1.0480063042098011,1.0480063042098013,2.220446049250313e-16
exponential,10,3,4,exponential,10_3_4_0.1_0,0.1,0.10085476872204412,0,0.4723665527410147,0.11733345794883146,0.0698036830030876,11.46991553331931,0.5949171210272235,0.8991452312779559,0.19722656114894746,0.9281563988051161,0.928156398805116,-1.1102230246251565e-16
exponential,10,3,4,exponential,10_3_4_0.1_1,0.1,0.10232994340503135,1,0.4723665527410147,0.10674387081074974,0.06915242338135137,11.362902657634146,0.6478350733969009,0.8976700565949687,0.16477013239039667,0.9487494394217167,0.9487494394217169,1.1102230246251565e-16
exponential,10,3,4,exponential,10_3_4_0.1_2,0.1,0.09751525545795513,2,0.4723665527410147,0.2029468240436457,0.12153675954582488,19.970527430798885,0.5988601207165835,0.9024847445420449,0.3388885267578075,0.8034894355039512,0.803489435503951,-2.220446049250313e-16
exponential,10,3,4,exponential,10_3_4_0.2_0,0.2,0.19882346033382264,0,0.4723665527410147,0.07100771634210488,0.03840778784083865,6.31104353528999,0.5408959732741649,0.8011765396661774,0.13127795334152556,0.9925515763725448,0.992551576372545,2.220446049250313e-16
exponential,10,3,4,exponential,10_3_4_0.2_1,0.2,0.19398963877059994,1,0.4723665527410147,0.15254711875905805,0.1157103113997717,19.01314430688064,0.7585217757047998,0.8060103612294001,0.20111106054577668,0.8990450427416786,0.8990450427416785,-1.1102230246251565e-16
exponential,10,3,4,exponential,10_3_4_0.2_2,0.2,0.20468008996985446,2,0.4723665527410147,0.08277462623501307,0.0683100874590734,11.224492741945577,0.8252539524023694,0.7953199100301456,0.10030200521191154,0.99592982624314,0.99592982624314,0.0
exponential,10,3,4,exponential,10_3_4_0.3_0,0.3,0.30808367914688817,0,0.4723665527410147,0.13572784710773453,0.11525993942864682,18.93914064052469,0.8491989071126927,0.6919163208531118,0.15983045429157952,0.9322782512703128,0.9322782512703132,3.3306690738754696e-16
exponential,10,3,4,exponential,10_3_4_0.3_1,0.3,0.2825304039830057,1,0.4723665527410147,0.15272083246031976,0.12721382320887237,20.90336417939209,0.8329827775259497,0.7174695960169943,0.18334212492834173,0.9090507759673454,0.9090507759673456,2.220446049250313e-16
exponential,10,3,4,exponential,10_3_4_0.3_2,0.3,0.3254226780028086,2,0.4723665527410147,0.09875897197308862,0.04180390389050092,6.869082345781599,0.42329221391543337,0.6745773219971913,0.2333115723050342,0.9401055695552738,0.9401055695552737,-1.1102230246251565e-16
exponential,10,3,4,exponential,10_3_4_0.5_0,0.5,0.5154152557924351,0,0.4723665527410147,0.07034562297762448,0.03140872223088828,5.160979700481449,0.4464914930226542,0.4845847442075649,0.15755198940387263,0.9875766040525507,0.9875766040525507,0.0
exponential,10,3,4,exponential,10_3_4_0.5_1,0.5,0.5234904259831801,1,0.4723665527410147,0.06889077145083577,0.0542338963301921,8.911538520432858,0.7872447236114402,0.4765095740168199,0.08750871156659304,1.0110289637955014,1.0110289637955014,0.0
exponential,10,3,4,exponential,10_3_4_0.5_2,0.5,0.4712239184884909,2,0.4723665527410147,0.12635538977957186,0.09189692228712096,15.100205190586617,0.7272892944846752,0.5287760815115091,0.17373470328488977,0.929996450499265,0.9299964504992653,2.220446049250313e-16
exponential,10,3,4,exponential,10_3_4_0.7_0,0.7,0.701554383098962,0,0.4723665527410147,0.03236820394746626,0.02819622401228772,4.633112378399642,0.871108698463786,0.298445616901038,0.03715747989263349,1.0606401937161263,1.0606401937161265,2.220446049250313e-16
exponential,10,3,4,exponential,10_3_4_0.7_1,0.7,0.7373000770722307,1,0.4723665527410147,0.019765838865689535,0.008282688575478115,1.3609846108739083,0.41904057964651287,0.26269992292776934,0.047169271487652265,1.0679227419865513,1.0679227419865513,0.0
exponential,10,3,4,exponential,10_3_4_0.7_2,0.7,0.7596497520077135,2,0.4723665527410147,0.04297001962617394,0.05132731471465427,8.433938425614896,1.1944913025683082,0.24035024799228655,0.035973488910118416,1.060254543990841,1.060254543990841,0.0
exponential,10,3,8,exponential,10_3_8_0.1_0,0.1,0.09807366621136542,0,0.6872892787909722,0.313917722567725,0.24643585785462327,40.49354349753415,0.7850332750851838,0.9019263337886346,0.3998782376882838,0.6939568269337106,0.6939568269337111,4.440892098500626e-16
exponential,10,3,8,exponential,10_3_8_0.1_1,0.1,0.09941996607927821,1,0.6872892787909722,0.19353063863861839,0.11699673651663366,19.224525523394593,0.6045385750785579,0.9005800339207218,0.32012951136074264,0.8182357855877336,0.8182357855877336,0.0
exponential,10,3,8,exponential,10_3_8_0.1_2,0.1,0.09805750203710893,2,0.6872892787909722,0.2039093931340784,0.16359491452098854,26.881387492882464,0.8022921946190996,0.901942497962891,0.25415851544073353,0.8394166368007332,0.839416636800733,-2.220446049250313e-16
exponential,10,3,8,exponential,10_3_8_0.2_0,0.2,0.19481218218199833,0,0.6872892787909722,0.3488122674604262,0.2599145653471562,42.7083211394364,0.7451416982536151,0.8051878178180016,0.4681153507821879,0.6362985738915884,0.6362985738915882,-2.220446049250313e-16
exponential,10,3,8,exponential,10_3_8_0.2_1,0.2,0.20494166381673906,1,0.6872892787909722,0.2215126042404261,0.14983689024550179,24.620713420166133,0.6764260244210362,0.7950583361832609,0.32747498801516733,0.7918279927400992,0.7918279927400995,3.3306690738754696e-16
exponential,10,3,8,exponential,10_3_8_0.2_2,0.2,0.2136391666763433,2,0.6872892787909722,0.3036899556063013,0.21045246109877377,34.58086806788305,0.6929845956828448,0.7863608333236567,0.4382347854457789,0.682027303776294,0.6820273037762938,-1.1102230246251565e-16
exponential,10,3,8,exponential,10_3_8_0.3_0,0.3,0.30688691242978283,0,0.6872892787909722,0.18570808625346444,0.14086476183811872,23.146442284899152,0.7585278847031942,0.6931130875702172,0.24482697340273854,0.8553621131473779,0.8553621131473781,2.220446049250313e-16
exponential,10,3,8,exponential,10_3_8_0.3_1,0.3,0.3147125898786705,1,0.6872892787909722,0.19544260298714,0.15906147385524383,26.13646717816058,0.8138526166974452,0.6852874101213295,0.24014495865385538,0.8522701204954397,0.8522701204954395,-2.220446049250313e-16
exponential,10,3,8,exponential,10_3_8_0.3_2,0.3,0.31291515655250735,2,0.6872892787909722,0.2191361347030268,0.18144152018665552,29.813884042278055,0.8279854001830642,0.6870848434474927,0.26466183419970535,0.8250250987619367,0.8250250987619363,-4.440892098500626e-16
exponential,10,3,8,exponential,10_3_8_0.5_0,0.5,0.5276367924855258,0,0.6872892787909722,0.10886564980826846,0.09547038573746225,15.687385152638267,0.8769560086730973,0.47236320751447425,0.12414037731834539,0.9681920475471792,0.9681920475471791,-1.1102230246251565e-16
exponential,10,3,8,exponential,10_3_8_0.5_1,0.5,0.532144178556297,1,0.6872892787909722,0.17759023766739793,0.13969885824204858,22.95486477506595,0.7866359101545058,0.46785582144370297,0.22575912868320086,0.8705484970830482,0.8705484970830479,-2.220446049250313e-16
exponential,10,3,8,exponential,10_3_8_0.5_2,0.5,0.5191931884112347,2,0.6872892787909722,0.17387787545451178,0.12538205148007436,20.60237337057322,0.721092612572642,0.48080681158876526,0.24113112854417923,0.8650880954230438,0.8650880954230434,-3.3306690738754696e-16
exponential,10,3,8,exponential,10_3_8_0.7_0,0.7,0.7237066551897962,0,0.6872892787909722,0.07288958318836349,0.06128371013256878,10.06994113416475,0.8407745997695932,0.27629334481020384,0.08669336967165543,1.009376172742585,1.009376172742585,0.0
exponential,10,3,8,exponential,10_3_8_0.7_1,0.7,0.6938079999172855,1,0.6872892787909722,0.044535706981721296,0.03475066826485954,5.7101174691127445,0.7802877874852686,0.3061920000827145,0.05707600156764225,1.042204187474931,1.042204187474931,0.0
exponential,10,3,8,exponential,10_3_8_0.7_2,0.7,0.7473992211861807,2,0.6872892787909722,0.0626568704486044,0.05449293141418106,8.954102328038658,0.8697040088984339,0.25260077881381926,0.0720439020718848,1.023729897375554,1.0237298973755544,4.440892098500626e-16
exponential,10,3,16,exponential,10_3_16_0.1_0,0.1,0.09878326023584608,0,0.8290291181804004,0.44521581628697593,0.39124706495978345,64.28845291084873,0.8787806961188336,0.901216739764154,0.5066290352681705,0.5616907258898524,0.5616907258898534,9.992007221626409e-16
exponential,10,3,16,exponential,10_3_16_0.1_1,0.1,0.09803972301161314,1,0.8290291181804004,0.4922737411184494,0.44443578916286625,73.02825212613357,0.9028224584011022,0.9019602769883869,0.5452608500571261,0.5154447280096808,0.5154447280096809,1.1102230246251565e-16
exponential,10,3,16,exponential,10_3_16_0.1_2,0.1,0.09866264949535672,2,0.8290291181804004,0.4384745778099892,0.3794777485955502,62.35455689311717,0.8654498294767616,0.9013373505046433,0.5066435544566281,0.5645808181160157,0.5645808181160168,1.1102230246251565e-15
exponential,10,3,16,exponential,10_3_16_0.2_0,0.2,0.21098911908042003,0,0.8290291181804004,0.3526003859159854,0.24388526001974586,40.074437506748296,0.6916761006547983,0.7890108809195799,0.5097767373806676,0.6142959621858007,0.6142959621858006,-1.1102230246251565e-16
exponential,10,3,16,exponential,10_3_16_0.2_1,0.2,0.20549182461148074,1,0.8290291181804004,0.29977814815627113,0.21220036051331123,34.86807724916073,0.7078580003859837,0.7945081753885193,0.42350040261296323,0.6914240281494374,0.6914240281494379,5.551115123125783e-16
exponential,10,3,16,exponential,10_3_16_0.2_2,0.2,0.19268881740406477,2,0.8290291181804004,0.451161766420411,0.37417312319876533,61.482917996437,0.8293546817309326,0.8073111825959353,0.5439913421345842,0.5344322780380673,0.5344322780380669,-3.3306690738754696e-16
exponential,10,3,16,exponential,10_3_16_0.3_0,0.3,0.3048199569982458,0,0.8290291181804004,0.40622621860835484,0.3265678813424923,53.660578550386056,0.803906459955354,0.6951800430017542,0.5053152808734925,0.5814586559915337,0.5814586559915336,-1.1102230246251565e-16
exponential,10,3,16,exponential,10_3_16_0.3_1,0.3,0.2969835730866102,1,0.8290291181804004,0.4422260011185241,0.40938924739455157,67.26951767941769,0.9257466688052751,0.7030164269133898,0.47769656215910566,0.5839983204180487,0.5839983204180482,-4.440892098500626e-16
exponential,10,3,16,exponential,10_3_16_0.3_2,0.3,0.29248816446807235,2,0.8290291181804004,0.4186349063946246,0.36919892075995697,60.66557313203724,0.8819114582192366,0.7075118355319276,0.47469040400034707,0.5950092158947117,0.5950092158947121,4.440892098500626e-16
exponential,10,3,16,exponential,10_3_16_0.5_0,0.5,0.4956181353376332,0,0.8290291181804004,0.252900254529288,0.21976411311740332,36.11092862535563,0.8689754525017798,0.5043818646623668,0.2910326796932966,0.7919871927470866,0.7919871927470872,5.551115123125783e-16
exponential,10,3,16,exponential,10_3_16_0.5_1,0.5,0.49645326904230175,1,0.8290291181804004,0.2532037572867947,0.18952062060671368,31.14141570560265,0.7484905541589202,0.5035467309576982,0.33828584192531336,0.7641610439724534,0.7641610439724531,-3.3306690738754696e-16
exponential,10,3,16,exponential,10_3_16_0.5_2,0.5,0.4719535129152194,2,0.8290291181804004,0.2684656316281919,0.21828929630360386,35.86859149422387,0.813099594833505,0.5280464870847805,0.3301755816065368,0.7595291034168599,0.7595291034168596,-2.220446049250313e-16
exponential,10,3,16,exponential,10_3_16_0.7_0,0.7,0.6823111099502401,0,0.8290291181804004,0.15314368366192682,0.1300394842519781,21.367667667343863,0.849133840472634,0.31768889004975986,0.18035282114853174,0.9107481685029266,0.9107481685029267,1.1102230246251565e-16
exponential,10,3,16,exponential,10_3_16_0.7_1,0.7,0.713869810588279,1,0.8290291181804004,0.10395899699014674,0.0865749669827476,14.225718699514749,0.8327799371799748,0.28613018941172097,0.1248336953723704,0.9699994763041796,0.9699994763041795,-1.1102230246251565e-16
exponential,10,3,16,exponential,10_3_16_0.7_2,0.7,0.7023868808888719,2,0.8290291181804004,0.17154506920951731,0.14570423322795512,23.941648578883434,0.8493641577654361,0.2976131191111281,0.20196881118792384,0.8880436714861255,0.8880436714861251,-4.440892098500626e-16
exponential,10,3,32,exponential,10_3_32_0.1_0,0.1,0.09819045633635382,0,0.9105103613800342,0.5412369326956552,0.4754730097269978,78.12818787370499,0.8784932827087073,0.9018095436636462,0.6160968368782845,0.4454518433629865,0.4454518433629877,1.2212453270876722e-15
exponential,10,3,32,exponential,10_3_32_0.1_1,0.1,0.10311580639537196,1,0.9105103613800342,0.5614098044736671,0.4684873318931415,76.98032387498492,0.8344837018519079,0.896884193604628,0.6727630548419001,0.3988189897564926,0.3988189897564933,7.216449660063518e-16
exponential,10,3,32,exponential,10_3_32_0.1_2,0.1,0.09968325863586198,2,0.9105103613800342,0.6264082435224501,0.5220725168320514,85.78526823672301,0.8334381327683479,0.900316741364138,0.7515953721025129,0.317048778103947,0.31704877810394616,-8.326672684688674e-16
exponential,10,3,32,exponential,10_3_32_0.2_0,0.2,0.1946495503928022,0,0.9105103613800342,0.6830592947239176,0.6343379954621235,104.23236875916443,0.9286719328202884,0.8053504496071978,0.735522707841004,0.30478560646807434,0.30478560646807606,1.7208456881689926e-15
exponential,10,3,32,exponential,10_3_32_0.2_1,0.2,0.20853636782629403,1,0.9105103613800342,0.5675521579344449,0.5065658533947244,83.23726342984364,0.8925450221849659,0.791463632173706,0.635880704981209,0.42080495218636116,0.42080495218636216,9.992007221626409e-16
exponential,10,3,32,exponential,10_3_32_0.2_2,0.2,0.20150464078447297,2,0.9105103613800342,0.5612340366356896,0.48614381473965457,79.88158005735639,0.8662051532972547,0.7984953592155271,0.6479227634461919,0.4150613599943097,0.41506135999431004,3.3306690738754696e-16
exponential,10,3,32,exponential,10_3_32_0.3_0,0.3,0.29174274815328394,0,0.9105103613800342,0.4667858400670016,0.4018601036440849,66.0323531181688,0.8609089418530833,0.7082572518467161,0.5422011752628073,0.5281024131456731,0.5281024131456734,3.3306690738754696e-16
exponential,10,3,32,exponential,10_3_32_0.3_1,0.3,0.2966427297233048,1,0.9105103613800342,0.5261344049505349,0.4844590520351297,79.60474529616287,0.9207895311097868,0.7033572702766953,0.571394859709589,0.4837443369305473,0.48374433693054697,-3.3306690738754696e-16
exponential,10,3,32,exponential,10_3_32_0.3_2,0.3,0.30338263658799924,2,0.9105103613800342,0.5189724700342513,0.48435851191387935,79.58822486845995,0.9333029011768438,0.6966173634120008,0.5560600630083282,0.49797772065398876,0.49797772065398904,2.7755575615628914e-16
exponential,10,3,32,exponential,10_3_32_0.5_0,0.5,0.45413540358479865,0,0.9105103613800342,0.48298289452849014,0.47287398103411493,77.70112388089646,0.9790698312323379,0.5458645964152014,0.4933079123892195,0.5596207938737231,0.5596207938737233,2.220446049250313e-16
exponential,10,3,32,exponential,10_3_32_0.5_1,0.5,0.495332112023621,1,0.9105103613800342,0.3615289674641303,0.3140278676852293,51.60004404493431,0.8686105290204333,0.5046678879763791,0.4162152718455312,0.6595671459884455,0.6595671459884458,3.3306690738754696e-16
exponential,10,3,32,exponential,10_3_32_0.5_2,0.5,0.5261289409104423,2,0.9105103613800342,0.3634276110194322,0.3337059455298312,54.833482182083635,0.9182184716064079,0.47387105908955773,0.3957964496005201,0.6734801289379834,0.6734801289379837,3.3306690738754696e-16
exponential,10,3,32,exponential,10_3_32_0.7_0,0.7,0.6637755261179161,0,0.9105103613800342,0.26063194458167077,0.21187618381036663,34.814809581314606,0.8129325211859201,0.3362244738820839,0.32060710795707414,0.7694246762659888,0.7694246762659885,-2.220446049250313e-16
exponential,10,3,32,exponential,10_3_32_0.7_1,0.7,0.7089323598173369,1,0.9105103613800342,0.26323213157944303,0.25536597200472405,41.960910985866036,0.9701170236037655,0.29106764018266307,0.27134059621136747,0.8033651116453657,0.8033651116453657,0.0
exponential,10,3,32,exponential,10_3_32_0.7_2,0.7,0.7036137409684137,2,0.9105103613800342,0.2355742561631348,0.2332839455890624,38.332463790881185,0.9902777552548596,0.29638625903158633,0.237887052307367,0.8388070387038864,0.8388070387038866,2.220446049250313e-16
squared_exponential,10,3,2,squared_exponential,10_3_2_0.1_0,0.1,0.09936811949836921,0,0.10539922456186433,-0.008242475257581504,-0.0012218683859765826,-0.20077346319054099,,0.9006318805016308,-0.055602059232871696,1.115385268967784,1.1153852689677841,2.220446049250313e-16
squared_exponential,10,3,2,squared_exponential,10_3_2_0.1_1,0.1,0.10050430752185467,1,0.10539922456186433,-0.011444140206897548,-0.02409421247631613,-3.9590831035802254,,0.8994956924781453,-0.005435676522063833,1.1012034891851108,1.1012034891851106,-2.220446049250313e-16
squared_exponential,10,3,2,squared_exponential,10_3_2_0.1_2,0.1,0.09964840191187696,2,0.10539922456186433,0.006499063886756577,0.0016349089854468556,0.26864295923913845,0.2515606884213556,0.900351598088123,0.025834974166833516,1.088473290313389,1.0884732903133891,2.220446049250313e-16
squared_exponential,10,3,2,squared_exponential,10_3_2_0.2_0,0.2,0.20426503950844335,0,0.10539922456186433,0.025711415732557343,0.0028695511021112744,0.47151536056204657,0.11160611037367639,0.7957349604915567,0.23037641618788715,1.0511597645267854,1.0511597645267856,2.220446049250313e-16
squared_exponential,10,3,2,squared_exponential,10_3_2_0.2_1,0.2,0.20138245118199632,1,0.10539922456186433,0.017101880475856396,0.008993521075633793,1.4777863093568262,0.5258790744287103,0.7986175488180036,0.03252055711559745,1.0738904080163578,1.0738904080163578,0.0
squared_exponential,10,3,2,squared_exponential,10_3_2_0.2_2,0.2,0.19677211866889827,2,0.10539922456186433,0.021891220351503923,0.018267258938839792,3.001616935377131,0.8344559437767861,0.8032278813311018,0.02623412358047718,1.0726580923419478,1.072658092341948,2.220446049250313e-16
squared_exponential,10,3,2,squared_exponential,10_3_2_0.3_0,0.3,0.30468495747004043,0,0.10539922456186433,0.00560962112671729,0.02918102979451136,4.794932480905264,5.2019609052613305,0.6953150425299596,0.001078366644594281,1.1150436845616258,1.1150436845616258,0.0
squared_exponential,10,3,2,squared_exponential,10_3_2_0.3_1,0.3,0.2979217422178653,1,0.10539922456186433,-0.03895130309553528,-0.00653326700154599,-1.0735253132852633,,0.7020782577821347,-0.2322274617708468,1.1720226658896793,1.1720226658896793,0.0
squared_exponential,10,3,2,squared_exponential,10_3_2_0.3_2,0.3,0.29051583971585987,2,0.10539922456186433,-0.02656667738134642,0.0025180334757908497,0.41375512057313607,,0.7094841602841402,0.28029347261273935,1.1553995848909049,1.1553995848909047,-2.220446049250313e-16
squared_exponential,10,3,2,squared_exponential,10_3_2_0.5_0,0.5,0.5134815474363712,0,0.10539922456186433,-0.011562326341656591,-0.002739255590064192,-0.45010562323508463,,0.4865184525636288,-0.048804277671596556,1.1206593226522557,1.1206593226522554,-2.220446049250313e-16
squared_exponential,10,3,2,squared_exponential,10_3_2_0.5_1,0.5,0.5031320965119085,1,0.10539922456186433,-0.04941400740202074,-0.04081969588612036,-6.707360468198686,,0.4968679034880915,-0.05981779321283993,1.1620902885065332,1.1620902885065332,0.0
squared_exponential,10,3,2,squared_exponential,10_3_2_0.5_2,0.5,0.4880910514869432,2,0.10539922456186433,-0.040954926320434744,-0.03323521310311696,-5.461102776020529,,0.5119089485130568,-0.0504677368761909,1.1519981608480643,1.1519981608480643,0.0
squared_exponential,10,3,2,squared_exponential,10_3_2_0.7_0,0.7,0.6895721086958541,0,0.10539922456186433,0.01542947715382571,-0.0006477649030011107,-0.10643863480015626,-0.04198229768534306,0.31042789130414594,-0.3675234087821848,1.0685580572796476,1.0685580572796476,0.0
squared_exponential,10,3,2,squared_exponential,10_3_2_0.7_1,0.7,0.6868264687523097,1,0.10539922456186433,-0.029903799452219926,-0.02318642350861412,-3.80991815506081,,0.3131735312476903,-0.03856727715451094,1.1389398177466872,1.1389398177466872,0.0
squared_exponential,10,3,2,squared_exponential,10_3_2_0.7_2,0.7,0.7099387940576986,2,0.10539922456186433,0.014348533077765206,0.012099720393816868,1.9881869397596372,0.8432722932887721,0.29006120594230145,0.017015302402271223,1.0821926821989045,1.082192682198905,4.440892098500626e-16
squared_exponential,10,3,4,squared_exponential,10_3_4_0.1_0,0.1,0.10393446037934619,0,0.569782824730923,0.15978049206148165,0.14294927417676742,23.488962613681874,0.8946603701893859,0.8960655396206538,0.17859346114510308,0.9090933626361273,0.9090933626361274,1.1102230246251565e-16
squared_exponential,10,3,4,squared_exponential,10_3_4_0.1_1,0.1,0.10284225146440028,1,0.569782824730923,0.2261099575132457,0.19948102086632455,32.77807647679341,0.8822301461652293,0.8971577485355997,0.2562936196366367,0.8273130037532008,0.8273130037532008,0.0
squared_exponential,10,3,4,squared_exponential,10_3_4_0.1_2,0.1,0.0958183483342352,2,0.569782824730923,0.135559428916742,0.1271297021655433,20.889541681494432,0.9378152680447182,0.9041816516657648,0.1445481146829421,0.9432978741155047,0.9432978741155051,4.440892098500626e-16
squared_exponential,10,3,4,squared_exponential,10_3_4_0.2_0,0.2,0.20382409215465142,0,0.569782824730923,0.1129997856173668,0.08801755967828162,14.4627608677056,0.7789179350863681,0.7961759078453485,0.14507277407194014,0.9532162324757197,0.9532162324757201,3.3306690738754696e-16
squared_exponential,10,3,4,squared_exponential,10_3_4_0.2_1,0.2,0.1994796053018952,1,0.569782824730923,0.06522289109668222,0.07257177024672959,11.924758680664816,1.1126733118768664,0.8005203946981048,0.05861818594953421,1.0348688110286923,1.0348688110286923,0.0
squared_exponential,10,3,4,squared_exponential,10_3_4_0.2_2,0.2,0.20882967234642089,2,0.569782824730923,0.10026839171083121,0.07431596030219058,12.211358352050466,0.7411703632039288,0.7911703276535791,0.13528386547647606,0.9663475808503089,0.966347580850309,1.1102230246251565e-16
squared_exponential,10,3,4,squared_exponential,10_3_4_0.3_0,0.3,0.3146598410573819,0,0.569782824730923,0.1751159068268728,0.12533903627260873,20.59530525073981,0.7157490061512478,0.6853401589426181,0.24466105481377134,0.8625733189916021,0.8625733189916023,2.220446049250313e-16
squared_exponential,10,3,4,squared_exponential,10_3_4_0.3_1,0.3,0.31701961268168205,1,0.569782824730923,0.09464766177312046,0.06333206954281642,10.406520930625934,0.6691350674317711,0.682980387318318,0.1414477679915816,0.9677035390422936,0.9677035390422939,3.3306690738754696e-16
squared_exponential,10,3,4,squared_exponential,10_3_4_0.3_2,0.3,0.27964539629595553,2,0.569782824730923,0.11936351900754417,0.11434956750785158,18.789551269503033,0.9579942721077476,0.7203546037040445,0.12459732013316162,0.9641875727419782,0.9641875727419782,0.0
squared_exponential,10,3,4,squared_exponential,10_3_4_0.5_0,0.5,0.4812305931225563,0,0.569782824730923,0.06523853727564535,0.0549627738841662,9.0313053238241,0.8424893656327382,0.5187694068774438,0.0774354430297752,1.0189894219444589,1.018989421944459,2.220446049250313e-16
squared_exponential,10,3,4,squared_exponential,10_3_4_0.5_1,0.5,0.4588930002811908,1,0.569782824730923,0.07307944021983469,0.07602692452019517,12.492498461236057,1.0403326064279363,0.5411069997188092,0.07024622680121378,1.0222653516285067,1.0222653516285063,-4.440892098500626e-16
squared_exponential,10,3,4,squared_exponential,10_3_4_0.5_2,0.5,0.4978425897711585,2,0.569782824730923,0.1267830436727576,0.103962618952054,17.08280146120622,0.8200041262646612,0.5021574102288415,0.15461268987790144,0.9400002697113333,0.9400002697113334,1.1102230246251565e-16
squared_exponential,10,3,4,squared_exponential,10_3_4_0.7_0,0.7,0.7084705834576066,0,0.569782824730923,0.06189042609462118,0.06857528264891442,11.268068758230916,1.1080111573973186,0.2915294165423934,0.055857222809921635,1.0379369021947804,1.0379369021947809,4.440892098500626e-16
squared_exponential,10,3,4,squared_exponential,10_3_4_0.7_1,0.7,0.7554549137621087,1,0.569782824730923,-0.004919661230435312,0.007036835378156799,1.1562700410200624,,0.24454508623789128,0.0034394817160818595,1.1161724743012114,1.1161724743012118,4.440892098500626e-16
squared_exponential,10,3,4,squared_exponential,10_3_4_0.7_2,0.7,0.7314373755657056,2,0.569782824730923,0.048888707717923675,0.03544758410162816,5.824632426456973,0.7250669071915824,0.26856262443429435,0.06742647779538773,1.0341254102556179,1.034125410255618,2.220446049250313e-16
squared_exponential,10,3,8,squared_exponential,10_3_8_0.1_0,0.1,0.09847259751390865,0,0.8688150562628432,0.45259960584160724,0.32050098014484457,52.66368495835402,0.7081335821070242,0.9015274024860913,0.6391443892477384,0.48325167044714495,0.4832516704471458,8.326672684688674e-16
squared_exponential,10,3,8,squared_exponential,10_3_8_0.1_1,0.1,0.10339692382660094,1,0.8688150562628432,0.2965447776785076,0.20651253769638692,33.93347259118412,0.6963958000308232,0.8966030761733991,0.42582792381197915,0.6927717285697328,0.692771728569733,2.220446049250313e-16
squared_exponential,10,3,8,squared_exponential,10_3_8_0.1_2,0.1,0.09733186552265245,2,0.8688150562628432,0.42644122298025283,0.3266525797061409,53.67449591169229,0.7659967238234545,0.9026681344773475,0.5567141604100884,0.541104875775022,0.5411048757750213,-6.661338147750939e-16
squared_exponential,10,3,8,squared_exponential,10_3_8_0.2_0,0.2,0.19612105479239683,0,0.8688150562628432,0.16760404468897275,0.17150285580932412,28.18079484099682,1.0232620348010484,0.8038789452076032,0.16379386607611196,0.9191444808504461,0.9191444808504463,2.220446049250313e-16
squared_exponential,10,3,8,squared_exponential,10_3_8_0.2_1,0.2,0.20033427815424762,1,0.8688150562628432,0.29886173481209616,0.19121577127387768,31.419957383235346,0.6398134956758552,0.7996657218457524,0.46710758186868045,0.6743707245222975,0.6743707245222977,2.220446049250313e-16
squared_exponential,10,3,8,squared_exponential,10_3_8_0.2_2,0.2,0.20031288123481822,2,0.8688150562628432,0.28288863090664723,0.23786465667026066,39.085151427457035,0.8408420511913595,0.7996871187651817,0.3364349231890012,0.7483009291899401,0.7483009291899402,1.1102230246251565e-16
squared_exponential,10,3,8,squared_exponential,10_3_8_0.3_0,0.3,0.33352930826033955,0,0.8688150562628432,0.18106374538419615,0.119885466327768,19.69919226742337,0.6621174552276329,0.6664706917396604,0.27346167051576564,0.8457694289265992,0.8457694289265991,-1.1102230246251565e-16
squared_exponential,10,3,8,squared_exponential,10_3_8_0.3_1,0.3,0.27644290277794475,1,0.8688150562628432,0.23208898775353987,0.2213775504880749,36.376043438267224,0.9538477143222337,0.7235570972220553,0.24331870199893815,0.8350618199321876,0.8350618199321876,0.0
squared_exponential,10,3,8,squared_exponential,10_3_8_0.3_2,0.3,0.29111070801747807,2,0.8688150562628432,0.2402450225535022,0.20385693222376353,33.49711208482712,0.8485375890706118,0.7088892919825219,0.28312832059289,0.802981193894382,0.8029811938943827,6.661338147750939e-16
squared_exponential,10,3,8,squared_exponential,10_3_8_0.5_0,0.5,0.5048884810724118,0,0.8688150562628432,0.1848200051172256,0.12751940936700207,20.953577109012784,0.689965403291275,0.4951115189275882,0.2678685108493798,0.8451274581958513,0.8451274581958508,-5.551115123125783e-16
squared_exponential,10,3,8,squared_exponential,10_3_8_0.5_1,0.5,0.5477908413488535,1,0.8688150562628432,0.12661846256647497,0.09863175638551445,16.206851357610145,0.7789682040542276,0.4522091586511465,0.1625463811070528,0.9355316556140132,0.9355316556140131,-1.1102230246251565e-16
squared_exponential,10,3,8,squared_exponential,10_3_8_0.5_2,0.5,0.5352319817516781,2,0.8688150562628432,0.15442531502512882,0.09831904488666411,16.155467615036667,0.63667699088498,0.4647680182483219,0.24254891763950487,0.8796365103477403,0.8796365103477402,-1.1102230246251565e-16
squared_exponential,10,3,8,squared_exponential,10_3_8_0.7_0,0.7,0.6836637408620966,0,0.8688150562628432,0.08290156473531392,0.06206635824091177,10.198543341223212,0.7486753529812823,0.3163362591379034,0.11073099228549942,0.9900565929461931,0.990056592946193,-1.1102230246251565e-16
squared_exponential,10,3,8,squared_exponential,10_3_8_0.7_1,0.7,0.7075529071690507,1,0.8688150562628432,0.1260930027279999,0.11278110435776677,18.531826475127914,0.8944279374570154,0.2924470928309493,0.14097614513976392,0.9493169884659906,0.9493169884659903,-2.220446049250313e-16
squared_exponential,10,3,8,squared_exponential,10_3_8_0.7_2,0.7,0.6745667128129749,2,0.8688150562628432,0.06981210496074179,0.03735148796059742,6.137475753720551,0.5350288174465114,0.32543328718702513,0.13048288743385517,0.9939921292430544,0.9939921292430541,-2.220446049250313e-16
squared_exponential,10,3,16,squared_exponential,10_3_16_0.1_0,0.1,0.10632079524267855,0,0.9654545521978378,0.5922870145007268,0.4629556853316809,76.07138159442755,0.7816407822513771,0.8936792047573214,0.7577483518640744,0.33208608779705917,0.3320860877970593,1.1102230246251565e-16
squared_exponential,10,3,16,squared_exponential,10_3_16_0.1_1,0.1,0.09924907419646935,1,0.9654545521978378,0.5836400281108992,0.42906807850220696,70.50307959031686,0.735158758543337,0.9007509258035307,0.7938965853679537,0.31888121443018735,0.318881214430188,6.661338147750939e-16
squared_exponential,10,3,16,squared_exponential,10_3_16_0.1_2,0.1,0.09864842172761254,2,0.9654545521978378,0.7031352151625226,0.5849167823536194,96.11163478752512,0.8318695604207816,0.9013515782723874,0.8452469577163735,0.22015467379321238,0.2201546737932123,-8.326672684688674e-17
squared_exponential,10,3,16,squared_exponential,10_3_16_0.2_0,0.2,0.19889716464935617,0,0.9654545521978378,0.5791362913237339,0.47130973885583055,77.44409266296225,0.8138148928269651,0.8011028353506439,0.7116314734816127,0.36590618232278077,0.3659061823227798,-9.43689570931383e-16
squared_exponential,10,3,16,squared_exponential,10_3_16_0.2_1,0.2,0.19712446174948894,1,0.9654545521978378,0.5873335770289575,0.4967563669598858,81.62540033047303,0.8457823396931282,0.8028755382505111,0.6944263901774744,0.3724135762059822,0.37241357620598237,1.6653345369377348e-16
squared_exponential,10,3,16,squared_exponential,10_3_16_0.2_2,0.2,0.20443655681738612,2,0.9654545521978378,0.5470518369277894,0.41529486903970725,68.23991033676045,0.7591508537325796,0.7955634431826138,0.720610184705786,0.3796617082801573,0.3796617082801579,6.106226635438361e-16
squared_exponential,10,3,16,squared_exponential,10_3_16_0.3_0,0.3,0.3102316828262987,0,0.9654545521978378,0.4605843443508084,0.3736348443997143,61.39446976429689,0.8112191588412562,0.6897683171737012,0.5677680800940478,0.5151026712581253,0.5151026712581261,8.881784197001252e-16
squared_exponential,10,3,16,squared_exponential,10_3_16_0.3_1,0.3,0.2943078165212284,1,0.9654545521978378,0.5120934217293209,0.3919532335748975,64.40448825481877,0.7653940022335878,0.7056921834787716,0.6690585766741312,0.42857106675876533,0.4285710667587659,5.551115123125783e-16
squared_exponential,10,3,16,squared_exponential,10_3_16_0.3_2,0.3,0.2960274431861058,2,0.9654545521978378,0.5565895102499523,0.4511533990004822,74.13206805830782,0.8105675559675549,0.7039725568138941,0.6866664057205755,0.39285903860052973,0.3928590386005295,-2.220446049250313e-16
squared_exponential,10,3,16,squared_exponential,10_3_16_0.5_0,0.5,0.4862506600417754,0,0.9654545521978378,0.3102799938093754,0.19709941648107837,32.38673894333764,0.635230825104918,0.5137493399582246,0.4884523570752851,0.6568294872142205,0.6568294872142199,-6.661338147750939e-16
squared_exponential,10,3,16,squared_exponential,10_3_16_0.5_1,0.5,0.4984700116271151,1,0.9654545521978378,0.3564913798795086,0.258615518184956,42.49486590923637,0.7254467647222385,0.501529988372885,0.49140942825212436,0.6197712066074431,0.6197712066074433,2.220446049250313e-16
squared_exponential,10,3,16,squared_exponential,10_3_16_0.5_2,0.5,0.508814803982367,2,0.9654545521978378,0.26422645247470844,0.21974941157404346,36.10851291527713,0.8316707487683418,0.491185196017633,0.3177055978775412,0.7693215654672221,0.7693215654672223,2.220446049250313e-16
squared_exponential,10,3,16,squared_exponential,10_3_16_0.7_0,0.7,0.6946385753844121,0,0.9654545521978378,0.20294895896923332,0.163220306055884,26.819833040911423,0.8042431303164649,0.3053614246155879,0.2523477681299859,0.8410003575118291,0.8410003575118291,0.0
squared_exponential,10,3,16,squared_exponential,10_3_16_0.7_1,0.7,0.7108890194901197,1,0.9654545521978378,0.21190546908099975,0.1732666424913076,28.470614566701688,0.8176600785375546,0.28911098050988027,0.2591608354660146,0.8321290400801773,0.8321290400801775,2.220446049250313e-16
squared_exponential,10,3,16,squared_exponential,10_3_16_0.7_2,0.7,0.6899888811668831,2,0.9654545521978378,0.20222760609548798,0.14164383324140875,23.2744567793459,0.7004178903968593,0.31001111883311694,0.2887242157405561,0.823024237726292,0.823024237726292,0.0
squared_exponential,10,3,32,squared_exponential,10_3_32_0.1_0,0.1,0.10581019790358581,0,0.9912494484023183,0.8219177688379796,0.7535794839469802,123.82574466925897,0.9168550827321624,0.8941898020964142,0.8964533046909918,0.13438599787632283,0.1343859978763231,2.7755575615628914e-16
squared_exponential,10,3,32,squared_exponential,10_3_32_0.1_1,0.1,0.10073907342500989,1,0.9912494484023183,0.8448916719193343,0.7872004698309393,129.3502363815211,0.9317176343360819,0.8992609265749901,0.9068108628440659,0.1186970790091765,0.11869707900917681,3.0531133177191805e-16
squared_exponential,10,3,32,squared_exponential,10_3_32_0.1_2,0.1,0.10275096183934415,2,0.9912494484023183,0.7437259492400783,0.6069407737012397,99.73054584774218,0.8160812115287862,0.8972490381606558,0.9113381594055291,0.1587947978509599,0.15879479785095918,-7.216449660063518e-16
squared_exponential,10,3,32,squared_exponential,10_3_32_0.2_0,0.2,0.19827381702595046,0,0.9912494484023183,0.6847062007460274,0.5805482847042386,95.39381737603286,0.847879402978529,0.8017261829740495,0.8075514021695916,0.2530810547417609,0.2530810547417599,-9.992007221626409e-16
squared_exponential,10,3,32,squared_exponential,10_3_32_0.2_1,0.2,0.19366889742012305,1,0.9912494484023183,0.6695715932700734,0.5436919636542074,89.33770584830648,0.8119997459852031,0.806331102579877,0.8245958161694732,0.25017958074863883,0.25017958074864,1.1657341758564144e-15
squared_exponential,10,3,32,squared_exponential,10_3_32_0.2_2,0.2,0.1887093632385128,2,0.9912494484023183,0.7453220009235778,0.6771334449527894,111.26437867254762,0.9085112798410734,0.8112906367614872,0.8203772671418649,0.21877609861035402,0.21877609861035485,8.326672684688674e-16
squared_exponential,10,3,32,squared_exponential,10_3_32_0.3_0,0.3,0.3146432439251159,0,0.9912494484023183,0.5948641436926636,0.5139350079203534,84.44813907887213,0.8639535822920229,0.6853567560748841,0.6885371574182501,0.37281321974299086,0.372813219742991,1.1102230246251565e-16
squared_exponential,10,3,32,squared_exponential,10_3_32_0.3_1,0.3,0.2871066583987536,1,0.9912494484023183,0.6157661349478033,0.5159919614322913,84.78613103034048,0.8379674232588813,0.7128933416012464,0.7348330231658288,0.3328604953934545,0.33286049539345575,1.2212453270876722e-15
squared_exponential,10,3,32,squared_exponential,10_3_32_0.3_2,0.3,0.3032984087111557,2,0.9912494484023183,0.5985215748521857,0.5104208594945775,83.8707055699065,0.8528027742703075,0.6967015912888443,0.7018288318354791,0.3623356238407491,0.36233562384074847,-6.106226635438361e-16
squared_exponential,10,3,32,squared_exponential,10_3_32_0.5_0,0.5,0.5117291313700798,0,0.9912494484023183,0.4442104288260612,0.3985173481479055,65.48308234132425,0.897136407177762,0.4882708686299202,0.49514257282621205,0.570244755680992,0.5702447556809926,6.661338147750939e-16
squared_exponential,10,3,32,squared_exponential,10_3_32_0.5_1,0.5,0.460172620733551,1,0.9912494484023183,0.4754888671524941,0.4105594557719282,67.46180253699889,0.8634470418426382,0.539827379266449,0.550686775343833,0.5185257758897478,0.5185257758897471,-6.661338147750939e-16
squared_exponential,10,3,32,squared_exponential,10_3_32_0.5_2,0.5,0.49727829679397795,2,0.9912494484023183,0.44856690847773883,0.3912800679050765,64.29387584812908,0.8722891959037471,0.502721703206022,0.5142410459560891,0.5550182441590911,0.5550182441590912,1.1102230246251565e-16
squared_exponential,10,3,32,squared_exponential,10_3_32_0.7_0,0.7,0.683939731059941,0,0.9912494484023183,0.27218062365867196,0.2639161487213238,43.36584838336717,0.9696360643669029,0.316060268940059,0.28070389877297397,0.7931632865318473,0.7931632865318475,2.220446049250313e-16
squared_exponential,10,3,32,squared_exponential,10_3_32_0.7_1,0.7,0.6709298149937969,1,0.9912494484023183,0.29881931435347303,0.2562297679682677,42.10284714616046,0.8574739170479917,0.3290701850062031,0.3484879346327085,0.7329681624644944,0.7329681624644949,5.551115123125783e-16
squared_exponential,10,3,32,squared_exponential,10_3_32_0.7_2,0.7,0.6883050507090923,2,0.9912494484023183,0.275557575404697,0.2498119743091306,41.04829603920356,0.9065690679787874,0.3116949492909077,0.30395651598731216,0.7737156260688232,0.7737156260688237,5.551115123125783e-16
