k,stride,construction,length,nu_target,nu_true,seed,cell,assortativity,rho_shared_neighbour,lambda,signal_true,signal_hat,recovery_error,measured_rel_mse,predicted_rel_mse,identity_error,skill_floor,ceiling_hat,ceiling_true
2,1,k2d1,2,0.1,0.10474639294596694,0,L2_nu0.1_d1_s0,0.5798867101211767,0.40328004512759247,0.695446262328241,0.8952536070540331,0.8338339589026048,-0.06141964815142831,0.5418666023214423,0.5418666023214429,5.551115123125783e-16,0.2638841108076512,0.5923653092566885,0.6763545258373493
2,1,k2d1,2,0.1,0.09730701383779614,1,L2_nu0.1_d1_s1,0.40795731517444944,0.21037032317182391,0.5156674861483144,0.9026929861622038,0.791124757974588,-0.1115682281876158,0.789270531237013,0.789270531237013,0.0,0.11159101128083304,0.5429712897142982,0.6880592783271217
2,1,k2d1,2,0.1,0.09583384682778168,2,L2_nu0.1_d1_s2,0.5570976092924814,0.3233070253765988,0.5803417928631956,0.9041661531722183,0.9599474243341395,0.05578127116192122,0.5474582941033361,0.5474582941033366,4.440892098500626e-16,0.2600957534225553,0.7998686039976224,0.6904295769493125
2,1,k2d1,2,0.2,0.20682261259469592,0,L2_nu0.2_d1_s0,0.4652097162245095,0.2875716571941806,0.6181548819057746,0.7931773874053041,0.7525779215562702,-0.040599465849033844,0.7133663961480713,0.7133663961480713,0.0,0.15538979632728134,0.5025846017223333,0.5452224581240891
2,1,k2d1,2,0.2,0.20005966680587675,1,L2_nu0.2_d1_s1,0.4811078191743147,0.22656524887970794,0.4709240628608843,0.7999403331941233,1.0216250498043435,0.22168471661022027,0.6510669860912245,0.6510669860912245,0.0,0.19311277981912212,1.0,0.5527196999577595
2,1,k2d1,2,0.2,0.2108442194581021,2,L2_nu0.2_d1_s2,0.4415170684702238,0.2533000500384155,0.5737038681563411,0.7891557805418978,0.7695905378659661,-0.019565242675931738,0.7436158880787599,0.7436158880787601,2.220446049250313e-16,0.1376683421799012,0.5199901437115755,0.5408222354489471
2,1,k2d1,2,0.3,0.2948637869775905,0,L2_nu0.3_d1_s0,0.38075479369362686,0.1629475948731164,0.42795940477175365,0.7051362130224095,0.8896983906609023,0.1845621776384928,0.8199642100493045,0.8199642100493045,0.0,0.09448124809626135,0.667883139032211,0.4569863841692452
2,1,k2d1,2,0.3,0.30964572727423223,1,L2_nu0.3_d1_s1,0.41805682395731275,0.2603183780596793,0.6226865898169385,0.6903542727257678,0.6713759872044391,-0.01897828552132863,0.7940455411152144,0.7940455411152142,-2.220446049250313e-16,0.10890766970239585,0.42674262953228337,0.44354180096414053
2,1,k2d1,2,0.3,0.3090803378918437,2,L2_nu0.3_d1_s2,0.4411052942658772,0.2530416201665866,0.5736535549583887,0.6909196621081564,0.7689402261228447,0.07802056401468838,0.7443102215515389,0.7443102215515389,0.0,0.137265845377883,0.5193132268543732,0.44405005810608844
2,1,k2d1,2,0.5,0.5014735657023882,0,L2_nu0.5_d1_s0,0.37931705591623094,0.2225539302982342,0.5867227081594333,0.4985264342976118,0.6465014062710475,0.14797497197343568,0.8526428533166553,0.8526428533166551,-2.220446049250313e-16,0.0766133782013867,0.4054425227709666,0.29185201708796193
2,1,k2d1,2,0.5,0.4854359864320692,1,L2_nu0.5_d1_s1,0.2885239303332904,0.10923232455334013,0.3785901724933515,0.5145640135679308,0.7621009505690675,0.24753693700113666,0.9775683016100896,0.9775683016100893,-2.220446049250313e-16,0.011279462330184287,0.5122510385137324,0.3032676364398814
2,1,k2d1,2,0.5,0.4752788414180537,2,L2_nu0.5_d1_s2,0.3585350917908829,0.18775938035269138,0.5236848070152164,0.5247211585819462,0.6846390939511545,0.15991793536920829,0.8768095065945805,0.8768095065945799,-5.551115123125783e-16,0.06361893088626547,0.4384299633626759,0.3105952992486535
2,1,k2d1,2,0.7,0.752752474735268,0,L2_nu0.7_d1_s0,0.09035834917916637,0.019804543968364646,0.21917779760556888,0.24724752526473204,0.41226050341912246,0.16501297815439042,1.3291855736258498,1.3291855736258495,-2.220446049250313e-16,-0.1529031067812463,0.23335829973782563,0.13238690954131638
2,1,k2d1,2,0.7,0.7360634380233707,1,L2_nu0.7_d1_s1,0.10660602743612212,0.04804786205532198,0.4507049292697081,0.2639365619766293,0.2365317539545426,-0.027404808022086696,1.310811876155417,1.3108118761554168,-2.220446049250313e-16,-0.1449069290363374,0.12623329999051958,0.14205860455193642
2,1,k2d1,2,0.7,0.7094688558188275,2,L2_nu0.7_d1_s2,0.1523026091873011,0.006153940354607455,0.040406007404898525,0.29053114418117254,3.76930607523566,3.4787749310544878,1.1984717518027017,1.1984717518027015,-2.220446049250313e-16,-0.09474734610443414,1.0,0.15770025773550933
2,1,k2d1,4,0.1,0.1037536675176415,0,L4_nu0.1_d1_s0,0.6556662696237071,0.4683257221596866,0.7142745385216522,0.8962463324823585,0.9179471397381073,0.021700807255748744,0.4228303218324292,0.4228303218324292,0.0,0.34974595592766267,0.7135512955834977,0.677891838790692
2,1,k2d1,4,0.1,0.09894900841767645,1,L4_nu0.1_d1_s1,0.7169938738383935,0.6084974670786651,0.8486787534475045,0.9010509915823235,0.8448354232102778,-0.056215568372045666,0.3702609858625459,0.37026098586254563,-2.7755575615628914e-16,0.3915092557297639,0.6060906490196987,0.6854383869292433
2,1,k2d1,4,0.1,0.09856585790780474,2,L4_nu0.1_d1_s2,0.7288945649609769,0.5687963318726998,0.7803547443149774,0.9014341420921953,0.93405540271409,0.03262126062189474,0.3266090360143965,0.32660903601439606,-4.440892098500626e-16,0.4285028118928349,0.7432031984507791,0.6860480006309806
2,1,k2d1,4,0.2,0.20002203324945977,0,L4_nu0.2_d1_s0,0.6500626479948275,0.484903787367567,0.7459339324652681,0.7999779667505402,0.8714748313518978,0.07149686460135762,0.44232659769412896,0.4423265976941284,-5.551115123125783e-16,0.3349236151432462,0.6414959293841949,0.5527617712566828
2,1,k2d1,4,0.2,0.2049170905433284,1,L4_nu0.2_d1_s1,0.60399576270719,0.4211953517430235,0.6973481897541292,0.7950829094566716,0.866132258721639,0.07104934926496742,0.5026061504571319,0.5026061504571318,-1.1102230246251565e-16,0.29105278725625006,0.6341205918907693,0.5473223105306289
2,1,k2d1,4,0.2,0.20501290380488726,2,L4_nu0.2_d1_s2,0.6183291111078323,0.49812811593818557,0.8056035321476487,0.7949870961951128,0.767535253301877,-0.027451842893235767,0.5124058357534286,0.5124058357534282,-3.3306690738754696e-16,0.284174717019978,0.5178540193073025,0.5472164934487043
2,1,k2d1,4,0.3,0.299340272320753,0,L4_nu0.3_d1_s0,0.5355304759215722,0.40366261923840957,0.7537621804693062,0.700659727679247,0.7104767124136435,0.009816984734396517,0.6307703577760603,0.6307703577760604,1.1102230246251565e-16,0.20578947515406198,0.4619263176977,0.4528800201777009
2,1,k2d1,4,0.3,0.27445749150808246,1,L4_nu0.3_d1_s1,0.5691278550251994,0.4047471847782026,0.7111709279460263,0.7255425084919176,0.8002687295850665,0.07472622109314886,0.5641178823387029,0.5641178823387025,-3.3306690738754696e-16,0.24892218622921447,0.5530869543021444,0.47611309282624514
2,1,k2d1,4,0.3,0.3010413231833382,2,L4_nu0.3_d1_s2,0.5283935613189682,0.41404847597182454,0.7835986398817633,0.6989586768166618,0.6743165881435134,-0.024642088673148432,0.6502371153479757,0.6502371153479758,1.1102230246251565e-16,0.19362718588237626,0.4293132103714975,0.45132767230036264
2,1,k2d1,4,0.5,0.5088021206366545,0,L4_nu0.5_d1_s0,0.3748169825934535,0.30775798022574263,0.8210886766557037,0.49119787936334547,0.45648782311806324,-0.03471005624528223,0.9042450249259644,0.9042450249259645,1.1102230246251565e-16,0.04908200935834406,0.2627672166256192,0.2866963335039876
2,1,k2d1,4,0.5,0.49235049910458273,1,L4_nu0.5_d1_s1,0.33205412559087455,0.24512503318582068,0.7382080639703914,0.5076495008954173,0.4498110245571536,-0.05783847633826367,0.9584542654111615,0.9584542654111612,-3.3306690738754696e-16,0.020993225043278052,0.2582527550149941,0.2983230806812991
2,1,k2d1,4,0.5,0.5157439021814794,2,L4_nu0.5_d1_s2,0.3633998969247206,0.23800152343142,0.6549300796326939,0.48425609781852064,0.5548682343747703,0.07061213655624965,0.8922009678662688,0.8922009678662689,1.1102230246251565e-16,0.055436096462357476,0.3328180415919284,0.2818468811030065
2,1,k2d1,4,0.7,0.752015704739179,0,L4_nu0.7_d1_s0,0.17903969931872868,0.22457531261806105,1.2543324942602216,0.247984295260821,0.14273703355211445,-0.10524726170870655,1.2542082576715734,1.2542082576715732,-2.220446049250313e-16,-0.11991439747490218,0.07411503606123637,0.13281160943011983
2,1,k2d1,4,0.7,0.7203785963621608,1,L4_nu0.7_d1_s1,0.2274772484630821,0.15371374032475993,0.675732370438385,0.27962140363783916,0.336638081013501,0.05701667737566185,1.1219023732362154,1.1219023732362157,2.220446049250313e-16,-0.05919892996368503,0.18552966967083506,0.15124880184935185
2,1,k2d1,4,0.7,0.6809322575718646,2,L4_nu0.7_d1_s2,0.2331580261313878,0.1779215093874517,0.7630940797516892,0.3190677424281354,0.30554296294273103,-0.01352477948540437,1.1226447024309505,1.1226447024309503,-2.220446049250313e-16,-0.05954929211950799,0.16665911113322363,0.1748138043011962
2,1,k2d1,8,0.1,0.10182549131139289,0,L8_nu0.1_d1_s0,0.7941105173494202,0.6959457911897169,0.8763840498078816,0.8981745086886072,0.9061215999121649,0.007947091223557745,0.259751860896018,0.2597518608960181,1.1102230246251565e-16,0.4903414271337938,0.6936041774308352,0.6808989324502457
2,1,k2d1,8,0.1,0.1037739177878888,1,L8_nu0.1_d1_s1,0.7754276114765982,0.6647412303814907,0.8572576221727075,0.8962260822121112,0.9045444349754369,0.00831835276332571,0.2815153922375491,0.28151539223754884,-2.7755575615628914e-16,0.46941975890771326,0.6910411596594732,0.6778604063641217
2,1,k2d1,8,0.1,0.09952768449231912,2,L8_nu0.1_d1_s2,0.7598417504888072,0.6293853817203655,0.8283111336215483,0.9004723155076809,0.9173385695863114,0.016866254078630516,0.29500918988256847,0.2950091898825684,-5.551115123125783e-17,0.4568525155332408,0.7124909907260495,0.6845199142698242
2,1,k2d1,8,0.2,0.19564515480980657,0,L8_nu0.2_d1_s0,0.6952451441016391,0.5758439644411519,0.8282603184308877,0.8043548451901934,0.8394041446036657,0.035049299413472346,0.3974316940172973,0.3974316940172977,4.440892098500626e-16,0.36957816184930803,0.5992558729109879,0.5576820659188613
2,1,k2d1,8,0.2,0.1945076527984824,1,L8_nu0.2_d1_s1,0.6906999657071057,0.6048887023174782,0.8757618826551149,0.8054923472015176,0.7886846634761692,-0.016807683725348466,0.4210444197445278,0.4210444197445278,0.0,0.35112064315118807,0.5403095209558602,0.558969782442878
2,1,k2d1,8,0.2,0.20049999928214304,2,L8_nu0.2_d1_s2,0.7257044199868786,0.6520841508135606,0.8985533680852473,0.799500000717857,0.8076364139987618,0.008136413280904864,0.3746332354330231,0.37463323543302307,-5.551115123125783e-17,0.38792709957634697,0.5614072663606496,0.552227737256825
2,1,k2d1,8,0.3,0.29111886956522787,0,L8_nu0.3_d1_s0,0.6012798330241647,0.5196658379698733,0.8642662025702575,0.7088811304347722,0.6957113806325033,-0.013169749802268926,0.5572732529366073,0.5572732529366073,0.0,0.2534926303534524,0.44837637888910453,0.4604456750565076
2,1,k2d1,8,0.3,0.305624157126721,1,L8_nu0.3_d1_s1,0.6109924978472584,0.5468208535561421,0.8949714693433788,0.694375842873279,0.6826949447846984,-0.011680898088580638,0.5514254310835549,0.5514254310835542,-6.661338147750939e-16,0.2574197477150669,0.43670162860585016,0.4471671526340706
2,1,k2d1,8,0.3,0.30330403588195237,2,L8_nu0.3_d1_s2,0.6312453018739219,0.5705836340530281,0.9039015931828517,0.6966959641180477,0.6983562222201176,0.0016602581020699336,0.5228012132786704,0.5228012132786701,-2.220446049250313e-16,0.27695006169790015,0.45077893541864,0.4492695433499684
2,1,k2d1,8,0.5,0.51940305214778,0,L8_nu0.5_d1_s0,0.44646347123369823,0.3663954242920071,0.8206615947314981,0.48059694785221996,0.5440287130528766,0.06343176520065663,0.7902707696786068,0.7902707696786071,3.3306690738754696e-16,0.11102825147330653,0.3247435398701295,0.27930377262831463
2,1,k2d1,8,0.5,0.5007641296263381,1,L8_nu0.5_d1_s1,0.4526603447692538,0.3972592109960176,0.8776099244976334,0.4992358703736619,0.5157876319919333,0.016551761618271432,0.7933089159595015,0.7933089159595011,-3.3306690738754696e-16,0.10932109267171852,0.30414630272731424,0.2923531038531024
2,1,k2d1,8,0.5,0.5017647419250065,2,L8_nu0.5_d1_s2,0.44694870200518844,0.35371811807078896,0.7914065226811707,0.49823525807499347,0.5647523607601703,0.06651710268517685,0.7829616550250177,0.7829616550250176,-1.1102230246251565e-16,0.1151487949801856,0.34026699397420646,0.2916464569686924
2,1,k2d1,8,0.7,0.6945820067223443,0,L8_nu0.7_d1_s0,0.1594757183525998,0.24959177287863177,1.5650769625428866,0.30541799327765573,0.10189640648309639,-0.20352158679455934,1.3058444497341164,1.3058444497341164,0.0,-0.14273551171481347,0.05231672299396162,0.1665841333869721
2,1,k2d1,8,0.7,0.6582706553987479,1,L8_nu0.7_d1_s1,0.2901443370522622,0.2845663086998208,0.9807749880314339,0.34172934460125215,0.2958317051239515,-0.045897639477300634,1.0619944802453862,1.061994480245386,-2.220446049250313e-16,-0.030531164131093247,0.16085263816416107,0.18866119567794126
2,1,k2d1,8,0.7,0.749091824199239,2,L8_nu0.7_d1_s2,0.23520395820549964,0.20486306137597887,0.8710017592348014,0.25090817580076097,0.27003844218653783,0.019130266385776862,1.1320236142769902,1.1320236142769902,0.0,-0.06396598360896388,0.14562212235249083,0.13449909058439513
2,1,k2d1,16,0.1,0.10188365364772649,0,L16_nu0.1_d1_s0,0.8345225614877899,0.7745373361658818,0.9281203072389484,0.8981163463522736,0.8991534340740791,0.0010370877218055519,0.21822354510736133,0.21822354510736108,-2.498001805406602e-16,0.5328559696331747,0.682436516699541,0.6808078107977475
2,1,k2d1,16,0.1,0.09978430326943488,1,L16_nu0.1_d1_s1,0.8356331910812765,0.7824005228235699,0.936296608576754,0.9002156967305651,0.8924876833117084,-0.007728013418856761,0.21993387924923105,0.2199338792492318,7.494005416219807e-16,0.5310289142716461,0.6721092915493156,0.6841134645645135
2,1,k2d1,16,0.1,0.0985481889085532,2,L16_nu0.1_d1_s2,0.8354731932461537,0.7718868153390613,0.9238917796272633,0.9014518110914468,0.9042976803876518,0.002845869296205006,0.21499702117722358,0.2149970211772234,-1.6653345369377348e-16,0.5363222873835496,0.6906420849366414,0.6860761415429639
2,1,k2d1,16,0.2,0.1966552692948588,0,L16_nu0.2_d1_s0,0.7026202320891178,0.6202298489488515,0.8827383850087934,0.8033447307051412,0.7959552275299762,-0.007389503175165069,0.40487446029619,0.40487446029619,0.0,0.3637025378832711,0.5482868471363449,0.5565416938483858
2,1,k2d1,16,0.2,0.1974775896975741,1,L16_nu0.2_d1_s1,0.7561970204502386,0.7021789296172825,0.9285661152158549,0.8025224103024259,0.8143706819136436,0.011848271611217709,0.3386954239081638,0.3386954239081641,2.7755575615628914e-16,0.4180245504248793,0.5691527903231165,0.5556154934096216
2,1,k2d1,16,0.2,0.19792033018418803,2,L16_nu0.2_d1_s2,0.737111436428305,0.6795405291362699,0.9218966028108361,0.8020796698158119,0.7995597707821827,-0.002519899033629258,0.3655473917115249,0.36554739171152506,1.6653345369377348e-16,0.39539484643982326,0.5522944838202042,0.5551176220795119
2,1,k2d1,16,0.3,0.31192584524019745,0,L16_nu0.3_d1_s0,0.6672029943480002,0.6050863141588789,0.9068998779751842,0.6880741547598026,0.7356964209077301,0.04762226614792753,0.4681371683834394,0.468137168383439,-3.885780586188048e-16,0.31579449842650387,0.4858953617285,0.44149678135198056
2,1,k2d1,16,0.3,0.28087999397603386,1,L16_nu0.3_d1_s1,0.6588665763822267,0.6035656302583366,0.9160665480596356,0.7191200060239662,0.7192344025418278,0.00011439651786160354,0.48404966236471464,0.484049662364715,3.885780586188048e-16,0.30426322336337963,0.4701268100213295,0.4700188739435772
2,1,k2d1,16,0.3,0.29311594852032746,2,L16_nu0.3_d1_s2,0.6890109591374279,0.6491171434127303,0.942099882163499,0.7068840514796726,0.7313565919944058,0.024472540514733243,0.4465366534315098,0.44653665343150917,-6.106226635438361e-16,0.3317660189488193,0.48169178281104386,0.4585981635417853
2,1,k2d1,16,0.5,0.5196684781938192,0,L16_nu0.5_d1_s0,0.40509217993815955,0.33918548521299,0.8373044507172893,0.4803315218061808,0.4838051196206246,0.0034735978144438406,0.859408382730176,0.8594083827301758,-1.1102230246251565e-16,0.07295718398221973,0.2815329650016116,0.2791196505703466
2,1,k2d1,16,0.5,0.491512490168601,1,L16_nu0.5_d1_s1,0.4722089868693973,0.45671272245072153,0.9671834614554643,0.508487509831399,0.48823103959903785,-0.020256470232361157,0.783938387486566,0.7839383874865662,2.220446049250313e-16,0.11459704795693959,0.2846197092448226,0.2989204822785072
2,1,k2d1,16,0.5,0.5117572282036661,2,L16_nu0.5_d1_s2,0.44593163788142115,0.3473069458987354,0.7788345037565796,0.4882427717963339,0.5725627661981377,0.08431999440180382,0.7817901971865255,0.7817901971865254,-1.1102230246251565e-16,0.11581099464734035,0.34621315874219194,0.2846279092642304
2,1,k2d1,16,0.7,0.6893450787247469,0,L16_nu0.7_d1_s0,0.2854266891626955,0.2971557705856902,1.041093148848141,0.31065492127525307,0.274160568128308,-0.03649435314694505,1.077724506967454,1.0777245069674541,2.220446049250313e-16,-0.03813511016989213,0.14803789293672698,0.16973192357844635
2,1,k2d1,16,0.7,0.6832886220598444,1,L16_nu0.7_d1_s1,0.27948170806025524,0.2944566444997153,1.0535810967501011,0.3167113779401556,0.26526833949693146,-0.05144303844322412,1.0882649061293472,1.0882649061293472,0.0,-0.04319936068296526,0.14283510308513658,0.17338725992164605
2,1,k2d1,16,0.7,0.6966332832741213,2,L16_nu0.7_d1_s2,0.29037369393533774,0.2138217662945117,0.7363675524344394,0.30336671672587867,0.3943325489768785,0.09096583225099986,1.0261634952765804,1.0261634952765804,0.0,-0.012997282956168865,0.221753605197479,0.16535439660049644
2,1,k2d1,32,0.1,0.09498030550653663,0,L32_nu0.1_d1_s0,0.8550815306687081,0.8210212034221407,0.9601671583060263,0.9050196944934634,0.8905548614860819,-0.01446483300738155,0.20034754037365474,0.2003475403736541,-6.38378239159465e-16,0.5523980112045359,0.6691750636455618,0.6918112501947278
2,1,k2d1,32,0.1,0.09866532519328375,1,L32_nu0.1_d1_s1,0.8702066229091238,0.8389245556557267,0.9640521383889031,0.9013346748067163,0.9026551451495026,0.0013204703427863729,0.17904903200961544,0.17904903200961586,4.163336342344337e-16,0.5768581419788212,0.6879986300502875,0.6858896289625512
2,1,k2d1,32,0.1,0.10056191385648419,2,L32_nu0.1_d1_s2,0.8782561240410105,0.85450170665139,0.9729527449460618,0.8994380861435158,0.9026708939391491,0.0032328077956332857,0.17073860524367357,0.1707386052436739,3.3306690738754696e-16,0.5867947177931125,0.6880238694052847,0.6828850147714804
2,1,k2d1,32,0.2,0.1983018946466676,0,L32_nu0.2_d1_s0,0.7783410563182624,0.7478391299215313,0.960811618314197,0.8016981053533324,0.8100870571110594,0.008388951757727026,0.3172374523242403,0.3172374523242407,4.440892098500626e-16,0.43676163809250323,0.5642099784426673,0.5546889911009749
2,1,k2d1,32,0.2,0.19104502751250954,1,L32_nu0.2_d1_s1,0.7429473182600085,0.6870947014161605,0.9248229107621581,0.8089549724874905,0.8033400877231041,-0.00561488476438643,0.35765271418806344,0.3576527141880632,-2.220446049250313e-16,0.4019592704605618,0.5565364589090824,0.5629130206554884
2,1,k2d1,32,0.2,0.1984500585233716,2,L32_nu0.2_d1_s2,0.7751956207254458,0.7562131073653836,0.9755126153288922,0.8015499414766284,0.794654634439648,-0.00689530703698038,0.3277153122318001,0.32771531223180017,5.551115123125783e-17,0.4275357546258456,0.5468495111330542,0.5545226621663324
2,1,k2d1,32,0.3,0.3101674058279474,0,L32_nu0.3_d1_s0,0.6640071874423018,0.6522273956995456,0.9822595418159087,0.6898325941720527,0.6759997324278958,-0.013832861744156877,0.4980993229651698,0.4980993229651691,-6.661338147750939e-16,0.2942384801045258,0.4307897861316048,0.4430732491359861
2,1,k2d1,32,0.3,0.29530284494504344,1,L32_nu0.3_d1_s1,0.6560791983688787,0.627868886811558,0.9570016674397599,0.7046971550549566,0.6855570065244184,-0.019140148530538137,0.501776046668021,0.5017760466680214,4.440892098500626e-16,0.2916384774227069,0.43924783239332765,0.4565822555850394
2,1,k2d1,32,0.3,0.30636491015663253,2,L32_nu0.3_d1_s2,0.6561279821053169,0.6577326464832989,1.002445657587767,0.6936350898433674,0.6545272326124781,-0.039107857230889276,0.5166103590310157,0.5166103590310158,1.1102230246251565e-16,0.2812438807001253,0.41223068522802087,0.44649759697302804
2,1,k2d1,32,0.5,0.5243244105830421,0,L32_nu0.5_d1_s0,0.4361404065832678,0.43329387009835435,0.9934733483943547,0.47567558941695787,0.43900564347111587,-0.036669945945842,0.8443661218826417,0.8443661218826415,-2.220446049250313e-16,0.08110603338435085,0.2510044349070656,0.275897513757174
2,1,k2d1,32,0.5,0.4935974429192366,1,L32_nu0.5_d1_s1,0.45589075785869526,0.4636762635827192,1.0170775686714777,0.5064025570807634,0.4482359771774209,-0.05816657990334251,0.8200566160739688,0.8200566160739691,2.220446049250313e-16,0.09443022572859194,0.25719179943771553,0.2974350970058093
2,1,k2d1,32,0.5,0.5072133323223939,2,L32_nu0.5_d1_s2,0.4465102945058258,0.44140809134720227,0.9885731567191068,0.49278666767760615,0.4516714736496707,-0.04111519402793545,0.82768345666195,0.8276834566619495,-4.440892098500626e-16,0.09022889875422513,0.2595079160785517,0.28781088724806114
2,1,k2d1,32,0.7,0.7652696904405486,0,L32_nu0.7_d1_s0,0.3085309435582361,0.21731926827464607,0.7043678205120661,0.2347303095594514,0.43802532508361636,0.20329501552416496,0.9915977470208509,0.9915977470208507,-2.220446049250313e-16,0.004209988491122196,0.25035029852845025,0.12520305759533623
2,1,k2d1,32,0.7,0.6785853282313405,1,L32_nu0.7_d1_s1,0.3088400751115152,0.342981536474398,1.1105473807133193,0.32141467176865945,0.2780971622418695,-0.04331750952678998,1.0538106180141686,1.0538106180141686,0.0,-0.026552783842199057,0.15035134452049503,0.1762370922217118
2,1,k2d1,32,0.7,0.7321066856607362,2,L32_nu0.7_d1_s2,0.25938657212153954,0.23896404238002159,0.921266048683705,0.2678933143392638,0.2815544678892143,0.013661153549950511,1.1007088769469318,1.1007088769469315,-2.220446049250313e-16,-0.04914673756673893,0.15238833649436745,0.1443676691120559
2,3,k2d3,2,0.1,0.09967811191733507,0,L2_nu0.1_d3_s0,0.23422413236338277,0.033450621179136386,0.1428145803833741,0.9003218880826649,1.6400575608920824,0.7397356728094175,1.0482770458628028,1.0482770458628026,-2.220446049250313e-16,-0.023854015894259506,1.0,0.6842815939522451
2,3,k2d3,2,0.1,0.09645322411041082,1,L2_nu0.1_d3_s1,0.21760193523133592,0.04374901988567014,0.20105069304259585,0.9035467758895892,1.0823237261123662,0.17877695022277695,1.0866706394801633,1.0866706394801633,0.0,-0.04243495695422794,1.0,0.6894308062437441
2,3,k2d3,2,0.1,0.09853340946238852,2,L2_nu0.1_d3_s2,0.21124892461700323,0.03750101219408131,0.1775204880312223,0.9014665905376115,1.1899974304929173,0.2885308399553058,1.0962526568630344,1.096252656863034,-4.440892098500626e-16,-0.04702084834211129,1.0,0.6860996822837089
2,3,k2d3,2,0.2,0.202193645756623,0,L2_nu0.2_d3_s0,0.18227257955132145,0.09400126708117013,0.5157180927189475,0.797806354243377,0.35343452580915197,-0.444371828434225,1.1824554744379423,1.182455474437942,-2.220446049250313e-16,-0.08740768547860767,0.19590704878674137,0.5503405224432348
2,3,k2d3,2,0.2,0.20768427629477326,1,L2_nu0.2_d3_s1,0.133559198196212,0.019637230370474535,0.14703016067545907,0.7923157237052267,0.90837959764608,0.11606387394085327,1.2427002187928133,1.2427002187928133,0.0,-0.11476464726542757,0.6973113772307918,0.5442760964193636
2,3,k2d3,2,0.2,0.20096758120901387,2,L2_nu0.2_d3_s2,0.18631515027293877,0.007660535228067392,0.041116008101570053,0.7990324187909861,4.531450373603369,3.732417954812383,1.131199967068156,1.131199967068156,0.0,-0.06357884854304818,1.0,0.55170592106407
2,3,k2d3,2,0.3,0.29748085009527303,0,L2_nu0.3_d3_s0,0.17326586816549597,0.035865152955761696,0.20699491097406947,0.702519149904727,0.8370537582308061,0.1345346083260791,1.171400840146889,1.171400840146889,0.0,-0.08231272751773955,0.5963339972586322,0.45458194923960116
2,3,k2d3,2,0.3,0.2906261005832989,1,L2_nu0.3_d3_s1,0.09366141636158558,0.054628045450191585,0.5832502600568915,0.7093738994167011,0.16058529721435466,-0.5487886022023465,1.339991190001925,1.3399911900019248,-2.220446049250313e-16,-0.15757988493318464,0.08380422245807895,0.4609025129132033
2,3,k2d3,2,0.3,0.3136208484343953,2,L2_nu0.3_d3_s2,0.0860556183803157,0.037682001670088325,0.43787962226424115,0.6863791515656047,0.1965280273499115,-0.4898511242156932,1.3467297640744131,1.3467297640744127,-4.440892098500626e-16,-0.16048686510206278,0.10363401857829935,0.4399813856358029
2,3,k2d3,2,0.5,0.4838640586620945,0,L2_nu0.5_d3_s0,-0.024330327010051417,-0.005677661463703787,,0.5161359413379055,,,1.545821823288251,1.545821823288251,0.0,-0.24331083132427156,,0.3043966225915127
2,3,k2d3,2,0.5,0.5028437006280813,1,L2_nu0.5_d3_s1,0.08169472706196271,0.00016140742633882955,0.001975738608152855,0.49715629937191874,41.34895513245056,40.85179883307865,1.336691249589244,1.336691249589244,0.0,-0.15615364445615265,1.0,0.2908852697707647
2,3,k2d3,2,0.5,0.46547769095657626,2,L2_nu0.5_d3_s2,0.1062625968700584,0.006982156580999115,0.06570662478291528,0.5345223090434237,1.6172280530484393,1.0827057440050156,1.290965884550383,1.2909658845503826,-4.440892098500626e-16,-0.13620679656054824,1.0,0.3177407450561215
2,3,k2d3,2,0.7,0.7362831811251563,0,L2_nu0.7_d3_s0,0.08848673963327032,0.0139693880573867,0.15786984711248556,0.26371681887484366,0.56050437275854,0.2967875538836964,1.3300112147621526,1.3300112147621526,0.0,-0.1532611216728641,0.3370553362146581,0.14193054994064946
2,3,k2d3,2,0.7,0.6682600636493962,1,L2_nu0.7_d3_s1,-0.014325008294417161,0.012277079933119762,,0.33173993635060384,0.01671454969365627,-0.31502538665694757,1.5347885565553943,1.5347885565553943,0.0,-0.23886583476799217,0.00839249180618662,0.1825282490205572
2,3,k2d3,2,0.7,0.6929935738827995,2,L2_nu0.7_d3_s2,0.08462537978531094,-0.08922342240945777,-1.0543340855404344,0.3070064261172005,,,1.2861375292246493,1.2861375292246493,0.0,-0.13408003651622802,,0.16753764416473493
2,3,k2d3,4,0.1,0.09926331006213623,0,L4_nu0.1_d3_s0,0.3371668288463782,0.13053472975882693,0.3871517557212067,0.9007366899378637,0.8708906103713415,-0.029846079566522188,0.8909337071866573,0.8909337071866571,-2.220446049250313e-16,0.05610715269864597,0.6406820493926605,0.6849391962459687
2,3,k2d3,4,0.1,0.09880305666778075,1,L4_nu0.1_d3_s1,0.39556111251767195,0.1859535522828169,0.47010069088757883,0.9011969433322192,0.8414391218418088,-0.05975782149041042,0.8018545511060646,0.8018545511060645,-1.1102230246251565e-16,0.10453668355087564,0.6018029656587192,0.6856704648497365
2,3,k2d3,4,0.1,0.10010818875747982,2,L4_nu0.1_d3_s2,0.39217307217367353,0.11652724935631402,0.29713220418333575,0.8998918112425202,1.3198605423856915,0.41996873114317135,0.7739174803308101,0.7739174803308099,-2.220446049250313e-16,0.12027420162256808,1.0,0.6836012187800342
2,3,k2d3,4,0.2,0.2062485819701317,0,L4_nu0.2_d3_s0,0.42933636280638593,0.2298121409762878,0.5352729488695188,0.7937514180298683,0.8020886609591089,0.008337242929240651,0.756233344875372,0.7562333448753721,1.1102230246251565e-16,0.13038321952979082,0.5551277272734442,0.5458540080875625
2,3,k2d3,4,0.2,0.20625709461908026,1,L4_nu0.2_d3_s1,0.36141814811799916,0.2032718761700489,0.5624285255971231,0.7937429053809197,0.6426028049240322,-0.15114010045688753,0.878799641849026,0.8787996418490261,1.1102230246251565e-16,0.06255685940478184,0.4021729388226326,0.5458446360340106
2,3,k2d3,4,0.2,0.19716657242784721,2,L4_nu0.2_d3_s2,0.3984641656922499,0.14456337458443827,0.3628014437215176,0.8028334275721528,1.0982981809689452,0.29546475339679235,0.7753533559077196,0.7753533559077194,-2.220446049250313e-16,0.1194584871184553,1.0,0.5559655729249733
2,3,k2d3,4,0.3,0.29026986168556296,0,L4_nu0.3_d3_s0,0.3985594336789714,0.23794554425490394,0.5970139561332338,0.709730138314437,0.6675881352261489,-0.04214200308828808,0.8218539047695091,0.8218539047695093,1.1102230246251565e-16,0.09343841644954465,0.42344829826471664,0.46123301726482635
2,3,k2d3,4,0.3,0.30178339317480984,1,L4_nu0.3_d3_s1,0.31941357494331585,0.19243745158653128,0.6024711116948672,0.6982166068251902,0.5301724327407897,-0.16804417408440042,0.957391575906634,0.9573915759066339,-1.1102230246251565e-16,0.021536114153090424,0.3145603109979622,0.4506518470270334
2,3,k2d3,4,0.3,0.3046178822436017,2,L4_nu0.3_d3_s2,0.393052659476451,0.189031039290259,0.48093056930857486,0.6953821177563984,0.8172752670755276,0.1218931493191292,0.8084102006922274,0.8084102006922275,1.1102230246251565e-16,0.10088365564170321,0.5725368636660321,0.4480780107265143
2,3,k2d3,4,0.5,0.5114026609881145,0,L4_nu0.5_d3_s0,0.22111233771000394,0.1110039130299925,0.5020249624223944,0.4885973390118855,0.4404409227841626,-0.04815641622772293,1.1132772810949882,1.1132772810949885,2.220446049250313e-16,-0.055119557725563206,0.25196318458525224,0.2848757723387394
2,3,k2d3,4,0.5,0.4562050150037006,1,L4_nu0.5_d3_s1,0.2304210171614102,0.03675420807034265,0.15950892207283454,0.5437949849962994,1.4445650698849055,0.9007700848886061,1.0575350697123507,1.057535069712351,2.220446049250313e-16,-0.02836524139643637,1.0,0.3245704959037542
2,3,k2d3,4,0.5,0.535052296963217,2,L4_nu0.5_d3_s2,0.1910025924724926,0.07243245043707472,0.3792223419559404,0.464947703036783,0.5036691443002692,0.0387214412634862,1.1542110402735521,1.1542110402735521,0.0,-0.07434214302220887,0.2954924729289752,0.26852730948912595
2,3,k2d3,4,0.7,0.7545452739023504,0,L4_nu0.7_d3_s0,0.21320915694382206,0.10027020955085816,0.4702903523851844,0.24545472609764962,0.45335643366376405,0.20790170756611442,1.123716790887785,1.123716790887785,0.0,-0.060055088609919816,0.260646521387614,0.13135434502764576
2,3,k2d3,4,0.7,0.6852977898837788,1,L4_nu0.7_d3_s1,0.1977031029213488,-0.0028352199414089867,-0.014340796373524332,0.31470221011622124,,,1.1031761841865977,1.103176184186598,2.220446049250313e-16,-0.05032194311391858,,0.172172850237576
2,3,k2d3,4,0.7,0.7048330043457628,2,L4_nu0.7_d3_s2,0.10931622127277385,0.09070286823562375,0.8297292678027656,0.2951669956542372,0.13174926510939872,-0.1634177305448385,1.3267189915722646,1.3267189915722641,-4.440892098500626e-16,-0.15183288352619306,0.06820027103963955,0.16045666916724133
2,3,k2d3,8,0.1,0.09723342366704145,0,L8_nu0.1_d3_s0,0.5963286567966367,0.375208434069606,0.6291973893811407,0.9027665763329585,0.9477608567053455,0.04499428037238695,0.4949469034415299,0.4949469034415295,-4.440892098500626e-16,0.2964753711194398,0.7714411601038925,0.688177256013867
2,3,k2d3,8,0.1,0.09859992488062444,1,L8_nu0.1_d3_s1,0.6776998801129174,0.559480588246645,0.8255580451828104,0.9014000751193756,0.820899128858769,-0.08050094626060655,0.4243405338974879,0.4243405338974877,-1.6653345369377348e-16,0.34858574324974445,0.5767968913851991,0.6859937502522848
2,3,k2d3,8,0.1,0.0951101398664452,2,L8_nu0.1_d3_s2,0.6047400760543429,0.37676542257186957,0.6230204305791912,0.9048898601335548,0.9706584990995335,0.06576863896597873,0.4789025591772491,0.4789025591772491,0.0,0.30797213988362493,0.8287063897850637,0.6916006811511328
2,3,k2d3,8,0.2,0.20125539732309888,0,L8_nu0.2_d3_s0,0.5642921240350718,0.4309040020618743,0.7636186714438227,0.7987446026769012,0.7389710926896649,-0.059773509987236295,0.5868677529607933,0.5868677529607935,2.220446049250313e-16,0.23392705767610267,0.48909011821032944,0.5513850232960351
2,3,k2d3,8,0.2,0.19448926263092184,1,L8_nu0.2_d3_s1,0.5320819297736251,0.35073142419121883,0.6591680802624474,0.8055107373690782,0.807202207913006,0.00169147054392782,0.611201852548359,0.6112018525483591,1.1102230246251565e-16,0.21820600376546828,0.5609125461972364,0.55899063203723
2,3,k2d3,8,0.2,0.1974660280830785,2,L8_nu0.2_d3_s2,0.5537570920723519,0.34374988325691663,0.6207593332493221,0.8025339719169216,0.8920640615643239,0.08953008964740239,0.5643607574837546,0.5643607574837546,0.0,0.24876051921923426,0.6714639465208179,0.5556285021706742
2,3,k2d3,8,0.3,0.30013900833940244,0,L8_nu0.3_d3_s0,0.49072754849700795,0.3403107034665154,0.6934819626670915,0.6998609916605976,0.7076284242631175,0.007767432602519886,0.6887002547392417,0.6887002547392418,1.1102230246251565e-16,0.17012033719385455,0.45928604998864464,0.4521505605192222
2,3,k2d3,8,0.3,0.32724045496061643,1,L8_nu0.3_d3_s1,0.45819146487021856,0.27786251098202747,0.6064331884940966,0.6727595450393835,0.7555514334695403,0.08279188843015683,0.7225483257505764,0.7225483257505767,3.3306690738754696e-16,0.149971573563227,0.5055825988797931,0.42795065338677607
2,3,k2d3,8,0.3,0.28723400766823387,2,L8_nu0.3_d3_s2,0.5039100758230997,0.3419677667123103,0.6786285552114261,0.7127659923317662,0.7425418101749446,0.029775817843178398,0.6631637317099558,0.6631637317099559,1.1102230246251565e-16,0.18565134511687453,0.49259662020729955,0.4640578317875763
2,3,k2d3,8,0.5,0.5183540999485994,0,L8_nu0.5_d3_s0,0.40666920394753475,0.2995812087357488,0.7366705072027002,0.4816459000514006,0.5520367653806951,0.0703908653292945,0.8364521964728047,0.8364521964728048,1.1102230246251565e-16,0.08542239450508926,0.3306994437330081,0.28003187574129407
2,3,k2d3,8,0.5,0.48726390751936305,1,L8_nu0.5_d3_s1,0.3160626445180137,0.19807672274964833,0.6267008334746725,0.512736092480637,0.504327787096819,-0.008408305383817982,0.9669130723387968,0.9669130723387969,1.1102230246251565e-16,0.016682618714182973,0.29596007719506345,0.3019570876232873
2,3,k2d3,8,0.5,0.49563452282349635,2,L8_nu0.5_d3_s2,0.3015953238734249,0.20755028006481038,0.688174728305523,0.5043654771765036,0.4382539949062591,-0.06611148227024449,1.0005844922855556,1.0005844922855553,-2.220446049250313e-16,-0.00029220345134928216,0.2505028318307394,0.2959868447084981
2,3,k2d3,8,0.7,0.6848314966772904,0,L8_nu0.7_d3_s0,0.20940620263037532,0.17643545329156274,0.8425512285468949,0.3151685033227096,0.2485382437712749,-0.06663025955143473,1.1694053213850308,1.1694053213850306,-2.220446049250313e-16,-0.08139045741352402,0.13313106167729993,0.17245453497871766
2,3,k2d3,8,0.7,0.7028615712594785,1,L8_nu0.7_d3_s1,0.15439653468965694,0.1243189222371839,0.8051924383346413,0.29713842874052154,0.19175109866778098,-0.10538733007274056,1.2533663917392783,1.253366391739278,-2.220446049250313e-16,-0.11953847264811679,0.10097335894189485,0.16163160170514634
2,3,k2d3,8,0.7,0.7054259176137613,2,L8_nu0.7_d3_s2,0.2137153551496777,0.12137267075262197,0.5679174089649168,0.2945740823862387,0.3763141466981865,0.0817400643119478,1.1332556250769552,1.1332556250769557,4.440892098500626e-16,-0.0645447971207953,0.21026216166261003,0.16010362685997903
2,3,k2d3,16,0.1,0.09582268957071065,0,L16_nu0.1_d3_s0,0.7787693601492716,0.6689429787012975,0.8589744447227315,0.9041773104292894,0.906626925787822,0.0024496153585326086,0.2769327690521053,0.2769327690521055,2.220446049250313e-16,0.47375597955691195,0.6944299193111702,0.6904475980214163
2,3,k2d3,16,0.1,0.10043354738209448,1,L16_nu0.1_d3_s1,0.7387738647072404,0.6267283673528049,0.8483358674324022,0.8995664526179055,0.8708506772715324,-0.02871577534637304,0.3358164542619213,0.33581645426192175,4.440892098500626e-16,0.42050327502053875,0.64062648577216,0.6830874767667039
2,3,k2d3,16,0.1,0.10286809340044815,2,L16_nu0.1_d3_s2,0.6944274267914332,0.5903501690174738,0.8501250760574894,0.8971319065995519,0.8168532447153374,-0.08027866188421451,0.4063202309258706,0.40632023092587044,-1.6653345369377348e-16,0.36256746951079555,0.5720435123933011,0.6792694380006044
2,3,k2d3,16,0.2,0.20935961469685088,0,L16_nu0.2_d3_s0,0.6743382026629114,0.5335649753787549,0.7912423962808965,0.7906403853031492,0.8522523639184733,0.06161197861532408,0.418106082363555,0.4181060823635545,-4.996003610813204e-16,0.3533887703081897,0.6156204530915741,0.5424416816439124
2,3,k2d3,16,0.2,0.1980311348923705,1,L16_nu0.2_d3_s1,0.5915173522395429,0.42271156738687904,0.7146224295643254,0.8019688651076295,0.8277340981309048,0.02576523302327527,0.5283210792143543,0.5283210792143536,-7.771561172376096e-16,0.27314301323138235,0.5849507235651468,0.5549931069158922
2,3,k2d3,16,0.2,0.1994556929348957,2,L16_nu0.2_d3_s2,0.5949464530229961,0.439933717829938,0.7394509465424672,0.8005443070651043,0.8045786617825742,0.004034354717469935,0.5300739528689775,0.5300739528689768,-6.661338147750939e-16,0.27193822180464833,0.5579351425215686,0.5533953729136971
2,3,k2d3,16,0.3,0.31258059101044283,0,L16_nu0.3_d3_s0,0.5416399907909568,0.4209276598340394,0.7771354903454577,0.6874194089895571,0.6969698302546744,0.009550421265117293,0.627183848335106,0.627183848335106,0.0,0.20805060241508744,0.4495182384989257,0.4409109274807431
2,3,k2d3,16,0.3,0.2823135671056074,1,L16_nu0.3_d3_s1,0.6259703938798001,0.5266655889321159,0.8413586234770827,0.7176864328943926,0.7439994984455646,0.026313065551171966,0.5113920067064585,0.5113920067064577,-7.771561172376096e-16,0.28488322162988056,0.49403507873130625,0.4686681196223895
2,3,k2d3,16,0.3,0.2947589378055327,2,L16_nu0.3_d3_s2,0.6237604567479875,0.5542028135074814,0.8884866097425459,0.7052410621944674,0.7020482356270206,-0.0031928265674467937,0.5295804932577656,0.5295804932577657,1.1102230246251565e-16,0.27227718652101773,0.45415041964568714,0.4570829365312482
2,3,k2d3,16,0.5,0.4695248568111702,0,L16_nu0.5_d3_s0,0.3873057987706241,0.3883147385735823,1.00260502116457,0.5304751431888298,0.3862994804481942,-0.14417566274063565,0.9195457717455428,0.9195457717455429,1.1102230246251565e-16,0.04107050741697238,0.21660959952792003,0.3147811613716607
2,3,k2d3,16,0.5,0.48170424555651475,1,L16_nu0.5_d3_s1,0.3888433347567668,0.3191012678251381,0.8206422466383422,0.5182957544434852,0.47382807349928013,-0.04446768094420506,0.8818639643990354,0.8818639643990354,0.0,0.06092387720747827,0.27462290737801776,0.3059508334732224
2,3,k2d3,16,0.5,0.4959989884684968,2,L16_nu0.5_d3_s2,0.31046796105185914,0.1656633186465362,0.5335923168537978,0.5040010115315032,0.5818448865277162,0.07784387499621293,0.9618957372195499,0.9618957372195498,-1.1102230246251565e-16,0.01923716566157041,0.3533508575183264,0.29572804367311567
2,3,k2d3,16,0.7,0.733884725592935,0,L16_nu0.7_d3_s0,0.22384135002985503,0.22292929427186062,0.9959254366636335,0.26611527440706495,0.22475713722076143,-0.04135813718630352,1.1637819470762205,1.1637819470762203,-2.220446049250313e-16,-0.07878725756110994,0.11952123093214873,0.14332927819789765
2,3,k2d3,16,0.7,0.695309367576394,1,L16_nu0.7_d3_s1,0.24012333045971185,0.18480708350979755,0.7696340174692217,0.30469063242360594,0.31199677380335467,0.007306141379748721,1.1121568808354751,1.112156880835475,-2.220446049250313e-16,-0.054588488859742546,0.17054040110645208,0.16614787427482436
2,3,k2d3,16,0.7,0.6809745354204169,2,L16_nu0.7_d3_s2,0.2541125661699429,0.25145134088507093,0.989527376292394,0.31902546457958314,0.25680195642697967,-0.06222350815260347,1.1175005381026497,1.1175005381026497,0.0,-0.057118980107087935,0.137910652209981,0.17478818754187908
2,3,k2d3,32,0.1,0.10241061231761561,0,L32_nu0.1_d3_s0,0.8333571694163704,0.7554171158627192,0.9064746108703482,0.8975893876823844,0.9193386769169691,0.021749289234584746,0.21099421909861887,0.2109942190986187,-1.6653345369377348e-16,0.5406589294449942,0.7159906285295662,0.6799834186833195
2,3,k2d3,32,0.1,0.10115933160953476,1,L32_nu0.1_d3_s1,0.7861799040831449,0.6938614226287239,0.8825733385260156,0.8988406683904653,0.8907813886562026,-0.008059279734262681,0.2745709031480716,0.2745709031480723,7.216449660063518e-16,0.4760048634308982,0.6695176081183789,0.6819444520063598
2,3,k2d3,32,0.1,0.09741422162274728,2,L32_nu0.1_d3_s2,0.8317589470416371,0.7682948819122982,0.9236989690882617,0.9025857783772527,0.9004653841528327,-0.002120394224420008,0.22062954687287492,0.22062954687287495,2.7755575615628914e-17,0.5302878042110521,0.6845089290531865,0.687887485635793
2,3,k2d3,32,0.2,0.20222721760976,0,L32_nu0.2_d3_s0,0.6987302171673762,0.6657357821471125,0.9527794358829624,0.79777278239024,0.7333598846199351,-0.0644128977703049,0.4354074567388041,0.435407456738804,-1.1102230246251565e-16,0.34014588222940967,0.4836279293183403,0.5503031936851674
2,3,k2d3,32,0.2,0.19762922886435721,1,L32_nu0.2_d3_s1,0.69524837537294,0.6182989417927911,0.8893209444195073,0.8023707711356428,0.7817744310820819,-0.020596340053560924,0.4186527201505158,0.41865272015051547,-3.3306690738754696e-16,0.3529662140579398,0.532853803485549,0.5554449090783492
2,3,k2d3,32,0.2,0.20803183448089826,2,L32_nu0.2_d3_s2,0.6930442852221833,0.6163805214580232,0.8893811472096874,0.7919681655191018,0.7792432832610806,-0.012724882258021153,0.42210169028464495,0.42210169028464506,1.1102230246251565e-16,0.35030646433518753,0.5301524537268292,0.5438949304371872
2,3,k2d3,32,0.3,0.2953284998795861,0,L32_nu0.3_d3_s0,0.6446746010394825,0.6251832185413421,0.9697655492139565,0.7046715001204139,0.6647736677818917,-0.03989783233852218,0.5232424071917058,0.5232424071917061,3.3306690738754696e-16,0.27664503375472305,0.42101266661686954,0.45655865092948067
2,3,k2d3,32,0.3,0.29982901213476343,1,L32_nu0.3_d3_s1,0.6102850330342857,0.5450808270510876,0.8931577829149631,0.7001709878652366,0.6832891620140431,-0.016881825851193466,0.5519703474569724,0.5519703474569724,0.0,0.257052930918378,0.4372293202502845,0.45243355459381607
2,3,k2d3,32,0.3,0.2940572392335102,2,L32_nu0.3_d3_s2,0.6502571268544337,0.586925372159356,0.9026050587074071,0.7059427607664899,0.7204226484013361,0.0144798876348462,0.4929484323708109,0.49294843237081065,-2.220446049250313e-16,0.297897135477421,0.4712492538079365,0.45772955157642037
2,3,k2d3,32,0.5,0.5014374420746942,0,L32_nu0.5_d3_s0,0.455741566248827,0.3586202483378995,0.786893877794985,0.4985625579253058,0.5791652205071095,0.08060266258180371,0.7678269916712959,0.7678269916712959,0.0,0.1237426224725432,0.35128220350225436,0.29187752325272553
2,3,k2d3,32,0.5,0.457589402292862,1,L32_nu0.5_d3_s1,0.47297109197863935,0.4234976613764464,0.8953986164456171,0.5424105977071381,0.5282240594207638,-0.014186538286374284,0.7658066467309448,0.7658066467309445,-3.3306690738754696e-16,0.12489620802390256,0.3131405234116398,0.32354645222834255
2,3,k2d3,32,0.5,0.4828103796324367,2,L32_nu0.5_d3_s2,0.38936656328339836,0.3152542371672363,0.8096592437439991,0.5171896203675632,0.4809017698394976,-0.0362878505280656,0.8788939920168212,0.8788939920168215,3.3306690738754696e-16,0.06250653761382363,0.27951528110548907,0.30515442029726003
2,3,k2d3,32,0.7,0.7132211216215631,0,L32_nu0.7_d3_s0,0.30454481100983705,0.25266077755541694,0.8296341570149287,0.28677887837843685,0.3670832600547773,0.08030438167634046,1.0172407667580339,1.0172407667580345,6.661338147750939e-16,-0.008583544758704598,0.20443935495449328,0.1554758016364699
2,3,k2d3,32,0.7,0.6623322424667741,1,L32_nu0.7_d3_s1,0.3069203992751779,0.2636334650924656,0.8589636456718467,0.33766775753322587,0.35731477207643303,0.019647014543207164,1.0179759339958772,1.017975933995877,-2.220446049250313e-16,-0.008947934234406985,0.19832348922800103,0.1861620293530326
2,3,k2d3,32,0.7,0.7444548273535677,2,L32_nu0.7_d3_s2,0.20073661502998888,0.1866290582538729,0.9297210587415337,0.2555451726464323,0.21591058214998926,-0.03963459049644302,1.1918412990669587,1.1918412990669587,0.0,-0.09171484329332014,0.11451176300867172,0.13718204274970747
4,1,k4d1,2,0.1,0.10369275977708262,0,L2_nu0.1_d1_s0,0.42800182798362923,0.32044185984167006,0.7486927365504774,0.8963072402229174,0.5716655272436626,-0.3246417129792548,0.6343277389139939,0.634327738913994,1.1102230246251565e-16,0.20355305329608187,0.34552733230765287,0.6779863981489561
4,1,k4d1,2,0.1,0.09971790326276925,1,L2_nu0.1_d1_s1,0.44470734836300757,0.3280989808753845,0.7377862814345998,0.9002820967372307,0.6027590368016732,-0.2975230599355575,0.6066595389305237,0.6066595389305233,-4.440892098500626e-16,0.22111647922778355,0.3697294523791177,0.6842185830946202
4,1,k4d1,2,0.1,0.100103988255516,2,L2_nu0.1_d1_s2,0.38362526081770165,0.2804250086732305,0.7309868179053208,0.899896011744484,0.5248046222187684,-0.3750913895257155,0.6930682348695194,0.6930682348695196,2.220446049250313e-16,0.16749280191128713,0.31065583502779137,0.6836078568366212
4,1,k4d1,2,0.2,0.195616365139636,0,L2_nu0.2_d1_s0,0.3889857266680299,0.27083379177465183,0.696256374480774,0.804383634860364,0.5586817455827416,-0.24570188927762238,0.6751538904949292,0.675153890494929,-2.220446049250313e-16,0.17832251430690327,0.3356821134296787,0.5577146112071574
4,1,k4d1,2,0.2,0.19917356789923957,1,L2_nu0.2_d1_s1,0.3839010151001528,0.28009304325064927,0.7295970373445824,0.8008264321007604,0.5261822560264039,-0.27464417607435654,0.6922677522376813,0.6922677522376813,0.0,0.16797370700338965,0.3116557954238329,0.5537113401628497
4,1,k4d1,2,0.2,0.20386903423181832,2,L2_nu0.2_d1_s2,0.39786794733463055,0.26139329171336617,0.6569850460799218,0.7961309657681817,0.6055966565884822,-0.1905343091796995,0.6503090741157636,0.6503090741157637,1.1102230246251565e-16,0.19358256832099452,0.37198459938348816,0.548481413193412
4,1,k4d1,2,0.3,0.29221163403192385,0,L2_nu0.3_d1_s0,0.3400713925464694,0.24028605887105614,0.706575337230761,0.7077883659680761,0.48129530515357516,-0.226493060814501,0.7500717590603534,0.7500717590603533,-1.1102230246251565e-16,0.1339331670936974,0.2797884374390919,0.45943396885123844
4,1,k4d1,2,0.3,0.32058629445124215,1,L2_nu0.3_d1_s1,0.37101360391007093,0.2782531534067748,0.7499809992795302,0.6794137055487579,0.49469733802121046,-0.18471636752754744,0.7166626572349393,0.7166626572349392,-1.1102230246251565e-16,0.15344069479159395,0.28915355949488675,0.4337965962207202
4,1,k4d1,2,0.3,0.3007542679658096,2,L2_nu0.3_d1_s2,0.31882520682529797,0.21917443635083658,0.6874438772682564,0.6992457320341904,0.4637836154599789,-0.23546211657421146,0.7767304136125315,0.7767304136125316,1.1102230246251565e-16,0.1186768960179635,0.26773202682349884,0.45158932544505515
4,1,k4d1,2,0.5,0.5229181966194649,0,L2_nu0.5_d1_s0,0.2296699096987937,0.1888829485510329,0.8224105142843838,0.4770818033805351,0.27926431594644646,-0.1978174874340886,0.932322392015687,0.9323223920156872,2.220446049250313e-16,0.034431570516264776,0.15103846727101145,0.27686917046812
4,1,k4d1,2,0.5,0.5019182861738722,1,L2_nu0.5_d1_s1,0.22812268596594992,0.1807022659124358,0.7921275569208746,0.49808171382612776,0.28798731211005835,-0.2100944017160694,0.9292813275024271,0.9292813275024271,0.0,0.0360076102466228,0.15619155734850476,0.2915380841753932
4,1,k4d1,2,0.5,0.5068996172570407,2,L2_nu0.5_d1_s2,0.1922713170507808,0.16867933033735868,0.8772984599299789,0.4931003827429593,0.2191629483381594,-0.2739374344047999,0.9919668636514576,0.9919668636514574,-2.220446049250313e-16,0.004024667147093708,0.11635015324969322,0.2880311683387814
4,1,k4d1,2,0.7,0.69410032570046,0,L2_nu0.7_d1_s0,0.11787425136210943,0.08891609560378123,0.7543300981876966,0.30589967429954,0.15626348682798985,-0.14963618747155016,1.080938568978617,1.080938568978617,0.0,-0.039681955685784365,0.08144868778493919,0.16687316349762205
4,1,k4d1,2,0.7,0.7476904406643301,1,L2_nu0.7_d1_s1,0.09954292218646268,0.06670195711378307,0.6700823689788583,0.2523095593356699,0.14855326269538566,-0.10375629664028424,1.100940623462412,1.100940623462412,0.0,-0.04925717698875509,0.07726128437969271,0.13530904904449814
4,1,k4d1,2,0.7,0.7183410863554625,2,L2_nu0.7_d1_s2,0.08653261155316364,0.07471634673726568,0.8634472645190153,0.28165891364453755,0.10021759881463839,-0.18144131482989917,1.1329720369466219,1.132972036946622,2.220446049250313e-16,-0.06441159188850532,0.051431393527404556,0.15244995053067079
4,1,k4d1,4,0.1,0.10019350508996719,0,L4_nu0.1_d1_s0,0.5670357863218973,0.46666644232276233,0.8229929284530961,0.8998064949100328,0.6889922947305297,-0.21081420017950314,0.4659282590982776,0.46592825909827695,-6.661338147750939e-16,0.31741062189755864,0.44231935189620364,0.6834664234398392
4,1,k4d1,4,0.1,0.09897513420650657,1,L4_nu0.1_d1_s1,0.5818404336259768,0.4699852902897322,0.8077563248068315,0.9010248657934934,0.7203167784110132,-0.18070808738248023,0.4388081004653457,0.43880810046534546,-2.220446049250313e-16,0.3375740792621822,0.47114914995909585,0.6853968623702131
4,1,k4d1,4,0.1,0.09686235632248577,2,L4_nu0.1_d1_s2,0.6684925608729325,0.5607810129814804,0.8388739767712599,0.9031376436775143,0.7968927149771554,-0.10624492870035884,0.33360063799024614,0.3336006379902454,-7.216449660063518e-16,0.4224182845776313,0.5493257439981238,0.6887728220053946
4,1,k4d1,4,0.2,0.1896248716091427,0,L4_nu0.2_d1_s0,0.5739673969998228,0.48922217498739573,0.8523518540331774,0.8103751283908573,0.6733925599902332,-0.13698256840062417,0.46898183724090137,0.46898183724090114,-2.220446049250313e-16,0.3151775140659432,0.4285042082309207,0.5645406200239307
4,1,k4d1,4,0.2,0.1988083347790891,1,L4_nu0.2_d1_s1,0.5567677808158826,0.47307607751175174,0.8496829267284651,0.8011916652209109,0.6552653505227015,-0.14592631469820938,0.49127149650204854,0.4912714965020486,5.551115123125783e-17,0.29909237662724164,0.4128589185917081,0.5541207172573622
4,1,k4d1,4,0.2,0.1952585644908145,2,L4_nu0.2_d1_s2,0.5983090408882531,0.5324568575851508,0.8899361721070808,0.8047414355091855,0.6723055648717491,-0.13243587063743645,0.45272456141235695,0.45272456141235695,0.0,0.32715190316657883,0.4275539893332727,0.5581192870345952
4,1,k4d1,4,0.3,0.3021752634196946,0,L4_nu0.3_d1_s0,0.47425617297782896,0.40344075717235467,0.8506810879005999,0.6978247365803054,0.5575017238813291,-0.1403230126989763,0.6040682219236077,0.6040682219236082,5.551115123125783e-16,0.22278174112826732,0.3347945609673122,0.4502952943445958
4,1,k4d1,4,0.3,0.2837029948284216,1,L4_nu0.3_d1_s1,0.4643968834631424,0.3626619456378777,0.780931049608693,0.7162970051715785,0.5946707890483305,-0.12162621612324798,0.593202692302123,0.5932026923021235,5.551115123125783e-16,0.22980347163719117,0.36334529692173834,0.4673622292510401
4,1,k4d1,4,0.3,0.3065856964254803,2,L4_nu0.3_d1_s2,0.4726162980780612,0.3629715964150684,0.7680048231326906,0.6934143035745197,0.6153819401162873,-0.07803236345823239,0.576996101155179,0.5769961011551789,-1.1102230246251565e-16,0.2403974057737961,0.37982417018742765,0.446298188168505
4,1,k4d1,4,0.5,0.5316162305586859,0,L4_nu0.5_d1_s0,0.3748591041498833,0.30238221803173115,0.8066556599111621,0.4683837694413141,0.46470770959589747,-0.003676059845416635,0.7270684552240316,0.7270684552240316,0.0,0.14731690809302922,0.26836327975961827,0.27087982433710844
4,1,k4d1,4,0.5,0.5177975720970736,1,L4_nu0.5_d1_s1,0.32403883885107015,0.26969818120225636,0.8323020232960746,0.48220242790292644,0.3893284286007315,-0.09287399930219492,0.8041959581995521,0.804195958199552,-1.1102230246251565e-16,0.10323026467238972,0.21854522114247166,0.2804184743220032
4,1,k4d1,4,0.5,0.4848476955590973,2,L4_nu0.5_d1_s2,0.3878935821584342,0.3293688744991889,0.8491217427893895,0.5151523044409028,0.4568173945048123,-0.05833490993609047,0.7212394915575238,0.7212394915575232,-5.551115123125783e-16,0.15074179924034659,0.2629907697354207,0.303689942942731
4,1,k4d1,4,0.7,0.6769342771480626,0,L4_nu0.7_d1_s0,0.212861284558618,0.1798717404919175,0.845018580362763,0.32306572285193735,0.2519013066756917,-0.07116441617624564,0.9591812362517022,0.9591812362517023,1.1102230246251565e-16,0.020622015638649294,0.1350730127205486,0.17723984226989775
4,1,k4d1,4,0.7,0.6771020625505156,1,L4_nu0.7_d1_s1,0.25100352324735026,0.18609168348431634,0.7413907226351287,0.32289793744948436,0.33855768029468614,0.015659742845201774,0.8875617161185366,0.8875617161185366,0.0,0.057895060983896185,0.18670895756481254,0.17713788363388872
4,1,k4d1,4,0.7,0.731085124888179,2,L4_nu0.7_d1_s2,0.15275916675960308,0.11417148840715058,0.7473953336418895,0.268914875111821,0.20438870820244756,-0.06452616690937343,1.0301102827861566,1.0301102827861568,2.220446049250313e-16,-0.014943487483986218,0.10802954544584131,0.14496483996961917
4,1,k4d1,8,0.1,0.10152435794518978,0,L8_nu0.1_d1_s0,0.6995802729245878,0.6352558119002031,0.9080527803400216,0.8984756420548102,0.7704180726836485,-0.12805756937116175,0.32728131307597624,0.32728131307597663,3.885780586188048e-16,0.4279149424465133,0.5208529168237048,0.6813711281989816
4,1,k4d1,8,0.1,0.09825913115666955,1,L8_nu0.1_d1_s1,0.7436405353882222,0.6718166581160714,0.9034158657923956,0.9017408688433305,0.8231430989270563,-0.07859776991627421,0.26658142281060776,0.26658142281060915,1.3877787807814457e-15,0.48368476411149,0.5794564219097578,0.6865368743270278
4,1,k4d1,8,0.1,0.09979772351838419,2,L8_nu0.1_d1_s2,0.710051256928436,0.6454569173532346,0.9090286244198401,0.9002022764816158,0.7811098989117142,-0.11909237756990154,0.313990174158054,0.31399017415805397,-5.551115123125783e-17,0.4396517385071548,0.5321430762633882,0.6840922230802411
4,1,k4d1,8,0.2,0.20244841046957077,0,L8_nu0.2_d1_s0,0.6798262472889843,0.6482536227820024,0.9535578029932097,0.7975515895304293,0.712936588799353,-0.0846150007310763,0.37653772250853323,0.3765377225085331,-1.1102230246251565e-16,0.3863733036213848,0.4642170110943732,0.5500573253518057
4,1,k4d1,8,0.2,0.19592937255477066,1,L8_nu0.2_d1_s1,0.6576177663794447,0.5877375668115973,0.8937373606060293,0.8040706274452294,0.7358065080031166,-0.06826411944211275,0.3755676423498088,0.37556764234980866,-1.1102230246251565e-16,0.3871642615269498,0.48600243969753776,0.5573609003321434
4,1,k4d1,8,0.2,0.1966969273693833,2,L8_nu0.2_d1_s2,0.6609197588256075,0.5689645416017263,0.8608678043045996,0.8033030726306167,0.7677366437922392,-0.03556642883837757,0.3548838885500808,0.3548838885500798,-9.992007221626409e-16,0.40427868214232854,0.5180629126039782,0.5564947267851449
4,1,k4d1,8,0.3,0.2996533012424505,0,L8_nu0.3_d1_s0,0.5864242698228809,0.5311671529427767,0.9057728001319018,0.7003466987575495,0.6474297635538225,-0.05291693520372698,0.4755268250613202,0.4755268250613207,4.996003610813204e-16,0.3104154692415728,0.4062237488361652,0.45259402520391645
4,1,k4d1,8,0.3,0.3004219740531893,1,L8_nu0.3_d1_s1,0.5483006031319587,0.5163998815625912,0.9418189194264117,0.6995780259468107,0.5821719991204739,-0.11740602682633683,0.5406987049080255,0.5406987049080259,3.3306690738754696e-16,0.2646778223744196,0.3536038359647189,0.45189237001005966
4,1,k4d1,8,0.3,0.29665482735624765,2,L8_nu0.3_d1_s2,0.5550054067966804,0.5054557058009629,0.9107221292100502,0.7033451726437523,0.609412453036675,-0.09393271960707728,0.5190809657573611,0.5190809657573612,1.1102230246251565e-16,0.2795272623080308,0.3750299631475722,0.4553397138066264
4,1,k4d1,8,0.5,0.48559862191898606,0,L8_nu0.5_d1_s0,0.4333268730328738,0.38821990302845055,0.8959054404156438,0.5144013780810139,0.4836747869639428,-0.030726591117071156,0.6745111812055904,0.6745111812055903,-1.1102230246251565e-16,0.17871370326445213,0.28144226882173407,0.3031509331863993
4,1,k4d1,8,0.5,0.4816989506720842,1,L8_nu0.5_d1_s1,0.43240154964689187,0.38840544290308476,0.8982517366560429,0.5183010493279159,0.4813812565023366,-0.03691979282557928,0.6765009828835298,0.6765009828835299,1.1102230246251565e-16,0.1775032019007431,0.2798481108143481,0.3059546479717019
4,1,k4d1,8,0.5,0.49142759556200744,2,L8_nu0.5_d1_s2,0.41263604368032547,0.37986538799095654,0.9205821784323892,0.5085724044379926,0.4482337952522409,-0.06033860918575168,0.7096269536325662,0.7096269536325666,3.3306690738754696e-16,0.15760641406016973,0.2571903307389173,0.2989810305262721
4,1,k4d1,8,0.7,0.7029982970476423,0,L8_nu0.7_d1_s0,0.1814221319271109,0.17117227207804,0.9435027042169865,0.2970017029523577,0.19228575722808688,-0.10471594572427084,1.0155349402043081,1.0155349402043083,2.220446049250313e-16,-0.007737535375311966,0.1012707622582244,0.16155006288530127
4,1,k4d1,8,0.7,0.6897694868962113,1,L8_nu0.7_d1_s1,0.29515888134428336,0.2691055673869499,0.9117312213724513,0.3102305131037887,0.3237345331883814,0.013504020084592727,0.8615114128516457,0.8615114128516457,0.0,0.07182360897745,0.1776463857855195,0.1694763778818743
4,1,k4d1,8,0.7,0.668270107100665,2,L8_nu0.7_d1_s2,0.2679558962474978,0.25114631956290273,0.9372673752658576,0.33172989289933497,0.28589056156093307,-0.0458393313384019,0.9024479471771812,0.9024479471771814,1.1102230246251565e-16,0.05002739661757549,0.1549500379036356,0.1825221060477139
4,1,k4d1,16,0.1,0.10133212609190001,0,L16_nu0.1_d1_s0,0.8250656512872785,0.7929642944432213,0.9610923605970358,0.8986678739081,0.8584665585883371,-0.0402013153197629,0.1945919182578596,0.19459191825785904,-5.551115123125783e-16,0.5588742602637433,0.6237906946769354,0.6816729259206813
4,1,k4d1,16,0.1,0.09750707361657085,1,L16_nu0.1_d1_s1,0.761779665144139,0.6959458737389698,0.9135789593534076,0.9024929263834292,0.8338410789181203,-0.06865184746530884,0.24840007501594905,0.2484000750159494,3.608224830031759e-16,0.5016024929677627,0.592374042678978,0.687738773433891
4,1,k4d1,16,0.1,0.0985460335095182,2,L16_nu0.1_d1_s2,0.7948423518370566,0.7338678735067878,0.9232873308910335,0.9014539664904818,0.860882983274536,-0.040570983215945766,0.21071620145597617,0.21071620145597758,1.4155343563970746e-15,0.5409616557890005,0.6270160637165939,0.6860795745582677
4,1,k4d1,16,0.2,0.1914058627053148,0,L16_nu0.2_d1_s0,0.7475809925367305,0.7236528657382049,0.9679925960699837,0.8085941372946852,0.7723003208618364,-0.03629381643284879,0.2975776642301919,0.2975776642301926,7.216449660063518e-16,0.45449320423097217,0.5228211245893595,0.5625004426227214
4,1,k4d1,16,0.2,0.1944275686146058,1,L16_nu0.2_d1_s1,0.7166616981925071,0.677968637893671,0.946009308999736,0.8055724313853942,0.7575630507804095,-0.04800938060498472,0.32515308203523946,0.32515308203523885,-6.106226635438361e-16,0.42977804143014675,0.5076211324400788,0.5590605839635043
4,1,k4d1,16,0.2,0.18593185550495425,2,L16_nu0.2_d1_s2,0.7344636550196864,0.6842211661889406,0.9315929542770921,0.8140681444950457,0.7883954592482117,-0.02567268524683397,0.2942385646023317,0.29423856460233266,9.43689570931383e-16,0.4575623864421534,0.5399950644267083,0.5688018373126409
4,1,k4d1,16,0.3,0.30091782491840835,0,L16_nu0.3_d1_s0,0.6317386820338025,0.5959272245158226,0.9433128625230144,0.6990821750815917,0.6697021816750534,-0.029379993406538296,0.43346805431926194,0.43346805431926194,0.0,0.3416170914131641,0.4252845762249401,0.45144022666767814
4,1,k4d1,16,0.3,0.29218701125933866,1,L16_nu0.3_d1_s1,0.5817413795921097,0.5347093241977001,0.919152982675246,0.7078129887406613,0.6329102886648085,-0.07490270007585287,0.48754923396405536,0.4875492339640557,3.3306690738754696e-16,0.3017527415277197,0.3941207122411333,0.4594567443216605
4,1,k4d1,16,0.3,0.30699584450535666,2,L16_nu0.3_d1_s2,0.5834519727619791,0.536350941315577,0.9192717933175674,0.6930041554946433,0.6346893019053207,-0.058314853589322646,0.48535926046272443,0.4853592604627246,1.6653345369377348e-16,0.3033226999085413,0.3955906204444877,0.4459279428581905
4,1,k4d1,16,0.5,0.49887600439680807,0,L16_nu0.5_d1_s0,0.42398579831801536,0.4109804410008586,0.9693259600468931,0.5011239956031919,0.43740270641003387,-0.063721289193158,0.7102637341146135,0.7102637341146133,-2.220446049250313e-16,0.15722853980772844,0.24993514041120013,0.2936884508966259
4,1,k4d1,16,0.5,0.49271214796827245,1,L16_nu0.5_d1_s1,0.42458570751766256,0.38632342595345504,0.9098832558733366,0.5072878520317275,0.46663756561838354,-0.040650286413344006,0.6905711544297658,0.6905711544297661,3.3306690738754696e-16,0.1689938902572582,0.2696833328058188,0.29806542472373365
4,1,k4d1,16,0.5,0.4875665737737779,2,L16_nu0.5_d1_s2,0.45049020306494936,0.42054279823144575,0.9335226279511656,0.5124334262262221,0.4825702019175002,-0.029863224308721903,0.6644266925436861,0.6644266925436857,-4.440892098500626e-16,0.18487627163498288,0.2806740668636367,0.3017403249694438
4,1,k4d1,16,0.7,0.7186777279591811,0,L16_nu0.7_d1_s0,0.21926828118452496,0.21306251955445096,0.9716978598247343,0.28132227204081894,0.22565479481870473,-0.05566747722211421,0.9712603272967881,0.9712603272967882,1.1102230246251565e-16,0.014474593276871395,0.12003113397047094,0.15225137690516943
4,1,k4d1,16,0.7,0.6824087516855183,1,L16_nu0.7_d1_s1,0.24240051828134496,0.22001513985126106,0.9076512765368676,0.3175912483144817,0.26706349073426217,-0.050527757580219546,0.9302103183257558,0.9302103183257558,0.0,0.03552588509294052,0.1438828881130001,0.1739196457453317
4,1,k4d1,16,0.7,0.7026423344669026,2,L16_nu0.7_d1_s2,0.23079124017372626,0.22352578067333448,0.9685193446037087,0.2973576655330974,0.23829285543920617,-0.059064810093891223,0.9560618551575484,0.9560618551575483,-1.1102230246251565e-16,0.022215844289984243,0.12724164595187415,0.1617623639641903
4,1,k4d1,32,0.1,0.10268331162722259,0,L32_nu0.1_d1_s0,0.8578486640669116,0.8338371858908877,0.9720096572020178,0.8973166883727774,0.8825515854814399,-0.01476510289133759,0.15968056128434305,0.1596805612843426,-4.440892098500626e-16,0.6003994978927791,0.657292523398511,0.6795576313481275
4,1,k4d1,32,0.1,0.09877104922707781,1,L32_nu0.1_d1_s1,0.8517122841712504,0.8217296898111242,0.964797273777376,0.9012289507729222,0.88278885867559,-0.018440092097332217,0.16287269901584336,0.16287269901584223,-1.1379786002407855e-15,0.5964251011078076,0.6576388729361786,0.6857213828032874
4,1,k4d1,32,0.1,0.09983315541837325,2,L32_nu0.1_d1_s2,0.8462500502369278,0.8094735165946703,0.9565417648932948,0.9001668445816268,0.8846974395637912,-0.015469405017835558,0.16460503697214762,0.16460503697214723,-3.885780586188048e-16,0.5942845369324117,0.6604376928512106,0.6840361485575078
4,1,k4d1,32,0.2,0.2011349813458255,0,L32_nu0.2_d1_s0,0.7629481862919123,0.751102554333467,0.9844738710029346,0.7988650186541745,0.7749806356106307,-0.02388438304354379,0.2874305431662754,0.2874305431662756,1.6653345369377348e-16,0.4638745080055646,0.5256379395552704,0.5515192519786101
4,1,k4d1,32,0.2,0.1972928406998023,1,L32_nu0.2_d1_s1,0.7628726137121662,0.7310904992593592,0.9583388971087138,0.8027071593001978,0.7960363666900458,-0.00667079261015191,0.2725726470201861,0.272572647020187,9.43689570931383e-16,0.4779150959660047,0.5483766687714704,0.555823412706385
4,1,k4d1,32,0.2,0.19988498114929895,2,L32_nu0.2_d1_s2,0.769770685124051,0.7501894860820868,0.974562295732516,0.800115018850701,0.7898629861782861,-0.010252032672414924,0.27310074431346354,0.273100744313463,-5.551115123125783e-16,0.47740958264290423,0.5415929605452008,0.5529150179783502
4,1,k4d1,32,0.3,0.2987340550376478,0,L32_nu0.3_d1_s0,0.6695985920757785,0.6552450193502648,0.9785639144177153,0.7012659449623522,0.684266589243909,-0.016999355718443132,0.4022365803611418,0.4022365803611416,-1.6653345369377348e-16,0.3657787607142585,0.4380983976209972,0.45343430857979405
4,1,k4d1,32,0.3,0.2768591107733897,1,L32_nu0.3_d1_s1,0.6611065487395377,0.635597298159959,0.9614143126728748,0.7231408892266102,0.6876395951518166,-0.03550129407479363,0.404484876140894,0.4044848761408939,-1.1102230246251565e-16,0.36400874523237825,0.44110787727130796,0.4738259691191614
4,1,k4d1,32,0.3,0.29590533936060426,2,L32_nu0.3_d1_s2,0.667066404199382,0.6539591751169794,0.9803509380776956,0.7040946606393957,0.6804363399777918,-0.023658320661603893,0.4063365729389701,0.4063365729389705,4.440892098500626e-16,0.3625546510178539,0.43470038030951397,0.45602818146469737
4,1,k4d1,32,0.5,0.47928092328447014,0,L32_nu0.5_d1_s0,0.46619388495770403,0.4265801625501831,0.915027365897099,0.5207190767155299,0.5094862758565089,-0.011232800859021008,0.6375473519972289,0.6375473519972293,4.440892098500626e-16,0.20153437644615602,0.29963315031085946,0.30769882039355867
4,1,k4d1,32,0.5,0.5048422120161192,1,L32_nu0.5_d1_s1,0.4500227109398683,0.45554592786485243,1.0122731959759297,0.49515778798388077,0.44456645965618274,-0.050591328327698026,0.6916140240189029,0.6916140240189027,-2.220446049250313e-16,0.16836665289389519,0.25472586228702576,0.2894775077338373
4,1,k4d1,32,0.5,0.5066917158607566,2,L32_nu0.5_d1_s2,0.4996177083851941,0.48513430334007146,0.9710110254259517,0.49330828413924344,0.5145335071412064,0.021225223001962945,0.614615310734665,0.6146153107346654,3.3306690738754696e-16,0.21602595021603865,0.3032457442836868,0.28817718787555247
4,1,k4d1,32,0.7,0.7261585810502684,0,L32_nu0.7_d1_s0,0.24152301800856102,0.2334110371447564,0.9664132183727636,0.2738414189497316,0.24991692313070277,-0.023924495819028807,0.9420122418414455,0.9420122418414452,-3.3306690738754696e-16,0.029426848794257277,0.13392663309088115,0.147850611072056
4,1,k4d1,32,0.7,0.6761214709719549,1,L32_nu0.7_d1_s1,0.3043747453039997,0.2996336603729305,0.9844235272333978,0.32387852902804515,0.30919084812957265,-0.0146876808984725,0.8659757546716988,0.8659757546716985,-3.3306690738754696e-16,0.06942181700208616,0.16885070422310566,0.17773394149341493
4,1,k4d1,32,0.7,0.702602665271209,2,L32_nu0.7_d1_s2,0.27384133066483324,0.24718008387329002,0.9026397997452944,0.29739733472879104,0.3033783029976137,0.005980968268822662,0.8877024015753009,0.8877024015753011,2.220446049250313e-16,0.05782039845085751,0.16536133746250026,0.1617860265593224
4,3,k4d3,2,0.1,0.10177125637168705,0,L2_nu0.1_d3_s0,0.08555096251042073,0.03923759866835914,0.4586459055160217,0.898228743628313,0.18652943693930396,-0.7116993066890089,1.1083262739804278,1.1083262739804278,0.0,-0.05277076041293416,0.0980739702942951,0.6809839245873539
4,3,k4d3,2,0.1,0.09840483775165572,1,L2_nu0.1_d3_s1,0.11579395434942193,0.040776475427456695,0.35214684269619867,0.9015951622483442,0.3288229235930386,-0.5727722386553056,1.0489944478717488,1.0489944478717486,-2.220446049250313e-16,-0.024204299869781343,0.18074602447900123,0.6863045461731143
4,3,k4d3,2,0.1,0.10149735584119786,2,L2_nu0.1_d3_s2,0.03182545153745112,0.008375236551893712,0.2631615938594937,0.8985026441588021,0.12093501589917886,-0.7775676282596232,1.1926305243390183,1.192630524339018,-2.220446049250313e-16,-0.09207624474622578,0.06241534563495488,0.6814135033602368
4,3,k4d3,2,0.2,0.19809083289781293,0,L2_nu0.2_d3_s0,0.12469282122882583,0.028639874796361032,0.22968342935960628,0.8019091671021871,0.5428899314873917,-0.25901923561479534,1.0220942636396195,1.022094263639619,-4.440892098500626e-16,-0.010986777183371155,0.3239008441710578,0.5549260365986199
4,3,k4d3,2,0.2,0.21008630305146567,1,L2_nu0.2_d3_s1,0.13569775940709713,0.07523986282684979,0.5544665081840302,0.7899136969485343,0.24473571875699004,-0.5451779781915442,1.0350343783059432,1.035034378305943,-2.220446049250313e-16,-0.017366393344080855,0.13094057669051773,0.5416482758279777
4,3,k4d3,2,0.2,0.19029223293433592,2,L2_nu0.2_d3_s2,0.1122672248930526,0.09075435969962818,0.8083780443141987,0.809707767065664,0.13887960674178926,-0.6708281603238748,1.0935313199886156,1.0935313199886159,2.220446049250313e-16,-0.045720478898933825,0.07203427150664088,0.5637750202769952
4,3,k4d3,2,0.3,0.2935637310125978,0,L2_nu0.3_d3_s0,0.07370938751910958,0.022698802259875715,0.3079499507982063,0.7064362689874022,0.23935508782532627,-0.4670811811620759,1.1196053266566874,1.1196053266566877,2.220446049250313e-16,-0.058114042368159646,0.12785040722667673,0.45818478148671593
4,3,k4d3,2,0.3,0.3144723440168447,1,L2_nu0.3_d3_s1,0.06887282872192728,0.004919920579148597,0.07143485566728618,0.6855276559831553,0.9641347781635937,0.27860712218043837,1.115944282990507,1.115944282990507,0.0,-0.05638264042462704,0.8106188450864071,0.4392216623149172
4,3,k4d3,2,0.3,0.29662561418094024,2,L2_nu0.3_d3_s2,0.059463360542539104,0.05074497142358931,0.8533821661035655,0.7033743858190598,0.06967963815560062,-0.6336947476634591,1.169132007482614,1.1691320074826137,-2.220446049250313e-16,-0.08126407851302164,0.03546883832382097,0.45536653226142976
4,3,k4d3,2,0.5,0.5192285591952278,0,L2_nu0.5_d3_s0,0.10117564926002239,0.044410824107271395,0.4389477550387164,0.4807714408047722,0.2304958804290921,-0.2502755603756801,1.0809568195604087,1.0809568195604087,0.0,-0.03969073265101719,0.12278616086446292,0.27942484139735446
4,3,k4d3,2,0.5,0.5019381183475934,1,L2_nu0.5_d3_s1,0.04856396078394629,0.013608988645794094,0.2802281450299827,0.4980618816524066,0.1733015103773757,-0.3247603712750309,1.163078819916453,1.163078819916453,0.0,-0.07846132054721977,0.09077038674346716,0.291524087672987
4,3,k4d3,2,0.5,0.5127350847281082,2,L2_nu0.5_d3_s2,0.07935089546107485,0.06286194999379288,0.7922021500643237,0.48726491527189175,0.1001649584700469,-0.38709995680184484,1.138444671573195,1.1384446715731948,-2.220446049250313e-16,-0.06697922733912454,0.051403646681080106,0.2839447753642822
4,3,k4d3,2,0.7,0.7109953213162352,0,L2_nu0.7_d3_s0,0.03716878588028146,0.02961044533464096,0.7966481722059611,0.2890046786837648,0.04665646288669579,-0.242348215797069,1.197870262240418,1.1978702622404178,-2.220446049250313e-16,-0.09447259547254916,0.023606873685960372,0.15679461498622105
4,3,k4d3,2,0.7,0.6703565486538756,1,L2_nu0.7_d3_s1,-0.007616214607402567,-0.008118403872410461,,0.3296434513461244,,,1.259143626310497,1.2591436263104974,4.440892098500626e-16,-0.12211569203469264,,0.18124695502619614
4,3,k4d3,2,0.7,0.6847385700305852,2,L2_nu0.7_d3_s2,-0.022842921503714007,-0.01257425385801855,,0.31526142996941475,,,1.2862551526139139,1.286255152613914,2.220446049250313e-16,-0.13413189383506618,,0.1725106828299321
4,3,k4d3,4,0.1,0.09990581231916693,0,L4_nu0.1_d3_s0,0.35934007051203887,0.2269793478362609,0.6316561008985956,0.900094187680833,0.5688856167158692,-0.3312085709649638,0.701554369853118,0.7015543698531179,-1.1102230246251565e-16,0.16241157490500258,0.3434069880937425,0.6839211928661352
4,3,k4d3,4,0.1,0.09960324752080393,1,L4_nu0.1_d3_s1,0.3141658496239346,0.1657685326505446,0.5276465689984261,0.900396752479196,0.595409632285265,-0.30498712019393104,0.7459947002400392,0.7459947002400392,0.0,0.1362901527480197,0.3639258158715015,0.6844001781990301
4,3,k4d3,4,0.1,0.09908171607442336,2,L4_nu0.1_d3_s2,0.2970450121808978,0.19394301345404702,0.6529078271004175,0.9009182839255766,0.4549570396484344,-0.4459612442771422,0.8013672357287398,0.8013672357287397,-1.1102230246251565e-16,0.10480882727277752,0.26172975114016306,0.6852275169675353
4,3,k4d3,4,0.2,0.19710928521343704,0,L4_nu0.2_d3_s0,0.25562814204303363,0.1683319414691184,0.6585031684061632,0.8028907147865629,0.3881957662584287,-0.4146949485281342,0.8649926720157712,0.8649926720157715,2.220446049250313e-16,0.06995017767015765,0.2178208429384153,0.5560300852383835
4,3,k4d3,4,0.2,0.20828130787830157,1,L4_nu0.2_d3_s1,0.23144452489628736,0.1757775242808627,0.75948015775975,0.7917186921216984,0.3047407131464537,-0.48697797897524475,0.9189440934180724,0.9189440934180723,-1.1102230246251565e-16,0.041384282719048926,0.16617790455424708,0.5436215300013578
4,3,k4d3,4,0.2,0.1898876985384395,2,L4_nu0.2_d3_s2,0.3024234268162998,0.18830537643859635,0.6226547275815976,0.8101123014615605,0.4857000411623276,-0.3244122602992329,0.7863821786963475,0.7863821786963477,2.220446049250313e-16,0.11321807714841892,0.28285290292878373,0.5642389432975459
4,3,k4d3,4,0.3,0.301250626415934,0,L4_nu0.3_d3_s0,0.23428100135833432,0.131107719905642,0.5596173788975397,0.698749373584066,0.41864497099763737,-0.2801044025864286,0.8797687872125631,0.879768787212563,-1.1102230246251565e-16,0.06204009296102475,0.23753358827921967,0.4511369693485141
4,3,k4d3,4,0.3,0.2809187683299916,1,L4_nu0.3_d3_s1,0.34989247708719245,0.277600038905504,0.7933867032995016,0.7190812316700084,0.44101126932437246,-0.2780699623456359,0.7584150750047435,0.758415075004743,-4.440892098500626e-16,0.12912970253616785,0.2523445107032065,0.469982294324056
4,3,k4d3,4,0.3,0.3138163292992148,2,L4_nu0.3_d3_s2,0.2229297958890837,0.1408423621431139,0.6317789938370935,0.6861836707007851,0.3528604117321555,-0.33332325896862963,0.9097721798291679,0.909772179829168,1.1102230246251565e-16,0.046180216272923014,0.1955501331544367,0.43980688213865493
4,3,k4d3,4,0.5,0.5151697119967318,0,L4_nu0.5_d3_s0,0.2299516705654242,0.16735477691505204,0.7277823922894157,0.4848302880032682,0.3159621241207218,-0.16886816388254644,0.9156127415554408,0.9156127415554407,-1.1102230246251565e-16,0.043123444975559644,0.17293417681584844,0.28224676106844926
4,3,k4d3,4,0.5,0.5061217188812749,1,L4_nu0.5_d3_s1,0.2077412206221986,0.12120494195202719,0.5834419456524345,0.4938782811187251,0.35606151078132,-0.13781677033740514,0.9254212652196233,0.9254212652196232,-1.1102230246251565e-16,0.03801181648648966,0.19754221966593155,0.28857767895484554
4,3,k4d3,4,0.5,0.5003873983505359,2,L4_nu0.5_d3_s2,0.195289610396423,0.1588723452946693,0.8135217484031565,0.4996126016494641,0.2400545661867708,-0.2595580354626933,0.9785750381781558,0.9785750381781559,1.1102230246251565e-16,0.010770482558190242,0.1282515077080837,0.2926193398526251
4,3,k4d3,4,0.7,0.6857361368151034,0,L4_nu0.7_d3_s0,0.07769232774508907,0.053018923876937844,0.6824216163389334,0.31426386318489663,0.11384798764419879,-0.20041587554069784,1.1343795374175252,1.1343795374175252,0.0,-0.06507255030703196,0.05864352535513884,0.1719081350386883
4,3,k4d3,4,0.7,0.6840476575008854,1,L4_nu0.7_d3_s1,0.10126729899571109,0.050183486017979805,0.4955547004379488,0.31595234249911464,0.20435140440846516,-0.11160093809064947,1.0851030165220628,1.0851030165220628,0.0,-0.04168278113927881,0.10800863479990186,0.17292826338890932
4,3,k4d3,4,0.7,0.7327199583056975,2,L4_nu0.7_d3_s2,0.10250675389016135,0.05093018163899839,0.4968470828134056,0.26728004169430253,0.20631449280071246,-0.06096554889359007,1.0831841284489259,1.083184128448926,2.220446049250313e-16,-0.04076132155692913,0.1091097109075172,0.14400937019982663
4,3,k4d3,8,0.1,0.09923775696859587,0,L8_nu0.1_d3_s0,0.563253267833574,0.48594455844555634,0.8627460969993692,0.9007622430314042,0.6528609863232865,-0.2479012567081177,0.4879518831670187,0.4879518831670193,6.106226635438361e-16,0.3014644725090794,0.4108149580337994,0.6849797514942955
4,3,k4d3,8,0.1,0.09787818664552174,1,L8_nu0.1_d3_s1,0.48814253390408596,0.36714004916987775,0.7521164898980434,0.9021218133544783,0.6490251715798153,-0.25309664177466296,0.5490699690692363,0.5490699690692363,0.0,0.25900744331050374,0.40756871417844187,0.6871451028902988
4,3,k4d3,8,0.1,0.09813310318619611,2,L8_nu0.1_d3_s2,0.4686558391096786,0.32883435779072656,0.7016542425149856,0.9018668968138039,0.6679298872758818,-0.23393700953792218,0.5593140901236878,0.5593140901236876,-2.220446049250313e-16,0.25212695587841394,0.42374475037174864,0.6867379640202214
4,3,k4d3,8,0.2,0.20084489140404171,0,L8_nu0.2_d3_s0,0.5401793014101762,0.4438899375991458,0.8217455508575389,0.7991551085959583,0.657355918564412,-0.14179919003154628,0.502558850379007,0.5025588503790068,-2.220446049250313e-16,0.29108614742057193,0.4146419203294551,0.5518427827156616
4,3,k4d3,8,0.2,0.1953079763359483,1,L8_nu0.2_d3_s1,0.5435815536356486,0.464484915602612,0.8544898414892617,0.8046920236640517,0.6361474733137361,-0.16854455035031557,0.5112005794306614,0.5112005794306618,3.3306690738754696e-16,0.28501707752516114,0.39679810454022624,0.5580633797296853
4,3,k4d3,8,0.2,0.20875527713625291,2,L8_nu0.2_d3_s2,0.43736964911251736,0.30581266885009356,0.6992087116027121,0.7912447228637471,0.6255208807538846,-0.16572384210986257,0.6046202034125353,0.6046202034125355,2.220446049250313e-16,0.22242672151588483,0.38805300944761933,0.5431025529330975
4,3,k4d3,8,0.3,0.3059119907901593,0,L8_nu0.3_d3_s0,0.3774211198306127,0.2693046274848026,0.7135388385410626,0.6940880092098407,0.5289426439663844,-0.16514536524345635,0.6971362309523763,0.6971362309523764,1.1102230246251565e-16,0.16505315681034138,0.3136638170447258,0.4469068877755218
4,3,k4d3,8,0.3,0.2986799494271405,1,L8_nu0.3_d3_s1,0.3570323863316954,0.2560865426225417,0.7172641822600051,0.7013200505728595,0.49776971325507047,-0.20355033731778904,0.728000134303516,0.7280001343035155,-4.440892098500626e-16,0.14677076098886765,0.2913179226585947,0.45348380680245115
4,3,k4d3,8,0.3,0.32160196542991376,2,L8_nu0.3_d3_s2,0.3996468549727905,0.3128789427519783,0.7828885398667288,0.6783980345700862,0.5104773344118978,-0.16792070015818839,0.6853654971184029,0.6853654971184027,-2.220446049250313e-16,0.17213195669937653,0.30034103622686126,0.43290039196811836
4,3,k4d3,8,0.5,0.5257152839872169,0,L8_nu0.5_d3_s0,0.3352479084146566,0.2874504222552515,0.8574264448496245,0.4742847160127831,0.3909931988083858,-0.08329151720439731,0.7950919998621255,0.7950919998621254,-1.1102230246251565e-16,0.10832068552526941,0.21961112181706854,0.2749377378547295
4,3,k4d3,8,0.5,0.4974943369430053,1,L8_nu0.5_d3_s1,0.3074672348845643,0.24714774470552556,0.8038181525205925,0.5025056630569946,0.3825084491068239,-0.11999721395017071,0.8204263387600157,0.8204263387600157,0.0,0.09422611057725028,0.2141936937812372,0.2946672154627964
4,3,k4d3,8,0.5,0.4984019361951201,2,L8_nu0.5_d3_s2,0.26881486588747666,0.23180536925702405,0.8623234749005867,0.5015980638048799,0.31173321115775854,-0.18986485264712138,0.8862242951678148,0.8862242951678146,-1.1102230246251565e-16,0.058605133236953155,0.17038154019920615,0.29402412491989494
4,3,k4d3,8,0.7,0.7134812734254278,0,L8_nu0.7_d3_s0,0.1451001880011727,0.09060922750713736,0.6244597526393629,0.2865187265745722,0.2323611528011009,-0.05415757377347133,1.0277565446280075,1.0277565446280077,2.220446049250313e-16,-0.013783282870657443,0.12384998590486851,0.15532179297354443
4,3,k4d3,8,0.7,0.6988463585282318,1,L8_nu0.7_d3_s1,0.15387181577324865,0.11859804743988786,0.7707587438537701,0.30115364147176815,0.1996368085347878,-0.10151683293698036,1.0312049040334184,1.0312049040334186,2.220446049250313e-16,-0.015482596617696132,0.10536980183697564,0.16402969040268434
4,3,k4d3,8,0.7,0.7207971651662685,2,L8_nu0.7_d3_s2,0.14545876051190598,0.11039213534887829,0.758923938031512,0.27920283483373154,0.19166447811515236,-0.08753835671857918,1.041876580487847,1.0418765804878467,-2.220446049250313e-16,-0.020723557329724196,0.1009251856019725,0.15100225844454185
4,3,k4d3,16,0.1,0.10119709682010143,0,L16_nu0.1_d3_s0,0.6565479464653023,0.5792942279605029,0.8823334702047047,0.8988029031798985,0.7441040928810971,-0.1546988102988014,0.3713747780397722,0.3713747780397725,2.7755575615628914e-16,0.3905947341548711,0.4941384506419737,0.681885088654899
4,3,k4d3,16,0.1,0.09698624950013371,1,L16_nu0.1_d3_s1,0.6957835150952593,0.6246073257455731,0.8977035416828731,0.9030137504998663,0.7750704801619853,-0.127943270337881,0.32688846411866157,0.32688846411866135,-2.220446049250313e-16,0.42825839392373977,0.5257326494075154,0.688573845831578
4,3,k4d3,16,0.1,0.09771625177403462,2,L16_nu0.1_d3_s2,0.599341698415175,0.49884516080651414,0.8323217992767706,0.9022837482259654,0.7200841056139116,-0.1821996426120538,0.4254504737745343,0.4254504737745355,1.1657341758564144e-15,0.3477343533693237,0.4709292160909956,0.6874040119034881
4,3,k4d3,16,0.2,0.19337354939305285,0,L16_nu0.2_d3_s0,0.5541001922860193,0.4639092101931719,0.8372298307265486,0.8066264506069472,0.6618256683534207,-0.14480078225352644,0.4897315230728406,0.4897315230728403,-3.3306690738754696e-16,0.3001917955090547,0.41847241540355173,0.560257405527901
4,3,k4d3,16,0.2,0.19903374072798263,1,L16_nu0.2_d3_s1,0.5542516122710357,0.46759879594508896,0.8436579805859501,0.8009662592720174,0.6569624480836281,-0.14400381118838923,0.49219587241674556,0.49219587241674523,-3.3306690738754696e-16,0.29843327301193545,0.4143059229287257,0.5538680231949489
4,3,k4d3,16,0.2,0.19907662869712947,2,L16_nu0.2_d3_s2,0.553367952189903,0.5006933090661493,0.904810817259477,0.8009233713028705,0.6115841473535467,-0.1893392239493238,0.5187840774198055,0.518784077419806,5.551115123125783e-16,0.27973332895391756,0.3767698237035908,0.5538199593245687
4,3,k4d3,16,0.3,0.29549459595281075,0,L16_nu0.3_d3_s0,0.5384284700632831,0.4700284844651208,0.8729636536676394,0.7045054040471892,0.6167822311973108,-0.0877231728498784,0.5256644232222745,0.5256644232222745,0.0,0.2749728120806265,0.38095414644576675,0.4564058536437219
4,3,k4d3,16,0.3,0.2909018001722726,1,L16_nu0.3_d3_s1,0.46389296614002723,0.37047350521308237,0.7986185009350929,0.7090981998277275,0.5808692956610202,-0.1282289041667073,0.6000691966297571,0.6000691966297574,3.3306690738754696e-16,0.22535866581381214,0.35259695371509114,0.4606468687656735
4,3,k4d3,16,0.3,0.3118535730415738,2,L16_nu0.3_d3_s2,0.48666534384225474,0.3765449244807581,0.7737245506489352,0.6881464269584262,0.6289904377909176,-0.05915598916750864,0.5590780056760589,0.559078005676059,1.1102230246251565e-16,0.2522848097864676,0.39089445724974525,0.44156148678518437
4,3,k4d3,16,0.5,0.49885684918028955,0,L16_nu0.5_d3_s0,0.3919938924796266,0.3634593230472848,0.9272065968889429,0.5011431508197104,0.42276866212436803,-0.07837448869534236,0.7386067073262101,0.7386067073262105,3.3306690738754696e-16,0.1405776897670098,0.24024257958501516,0.2937020110602824
4,3,k4d3,16,0.5,0.4515742107283464,1,L16_nu0.5_d3_s1,0.4224700846373906,0.3716535628101717,0.879715691891332,0.5484257892716535,0.480234794640422,-0.06819099463123152,0.6838000028328475,0.6838000028328476,1.1102230246251565e-16,0.1730779947099923,0.2790525640800309,0.3280072837237398
4,3,k4d3,16,0.5,0.5040443706860994,2,L16_nu0.5_d3_s2,0.32512469646576075,0.2763489781438037,0.8499784271937224,0.4959556293139006,0.3825093509010437,-0.11344627841285687,0.8070123406763317,0.8070123406763313,-3.3306690738754696e-16,0.10166134410438976,0.21419426758329374,0.2900391766540217
4,3,k4d3,16,0.7,0.6877636161460935,0,L16_nu0.7_d3_s0,0.22918563726419727,0.1824536548775226,0.796095501687989,0.3122363838539065,0.2878871150235706,-0.02434926883033589,0.9284689666297475,0.9284689666297474,-1.1102230246251565e-16,0.036429054698229546,0.15613218749828517,0.1706848511295037
4,3,k4d3,16,0.7,0.7099915343375591,1,L16_nu0.7_d3_s1,0.18911970293933025,0.1767262965559832,0.9344679259182062,0.2900084656624409,0.2023822302445551,-0.08762623541788578,1.0043053165383267,1.0043053165383269,2.220446049250313e-16,-0.0021503462746128577,0.10690550905548357,0.15739004614379315
4,3,k4d3,16,0.7,0.6858875406944748,2,L16_nu0.7_d3_s2,0.24195502290558388,0.2244690669034748,0.9277305517689852,0.3141124593055252,0.2608031205226852,-0.053309338782840054,0.9344417543664384,0.9344417543664383,-1.1102230246251565e-16,0.03333472475399302,0.14023440434190737,0.1718167227633277
4,3,k4d3,32,0.1,0.0998397990592267,0,L32_nu0.1_d3_s0,0.7842344133825236,0.727010444035166,0.9270320603497342,0.9001602009407733,0.8459625582815999,-0.05419764265917337,0.2267890062613266,0.22678900626132714,5.551115123125783e-16,0.5237763064889289,0.6075239603257289,0.6840256354397929
4,3,k4d3,32,0.1,0.10268492081470602,1,L32_nu0.1_d3_s1,0.7270815374704883,0.66348881383993,0.9125370122148927,0.897315079185294,0.7967693668728346,-0.10054571231245935,0.29345353543897057,0.2934535354389709,3.3306690738754696e-16,0.45828648213380296,0.5491889163661064,0.6795551204735735
4,3,k4d3,32,0.1,0.09745299014041274,2,L32_nu0.1_d3_s2,0.7654101641727489,0.6887193055939951,0.8998042328564569,0.9025470098595872,0.850640768540208,-0.051906241319379265,0.2357191508499986,0.2357191508499985,-8.326672684688674e-17,0.5144908334027064,0.6135297793363736,0.6878253851761602
4,3,k4d3,32,0.2,0.19561627652582253,0,L32_nu0.2_d3_s0,0.6884646945155074,0.6399603273802316,0.9295470522719981,0.8043837234741775,0.7406453420865169,-0.06373838138766064,0.35304085650415934,0.35304085650415895,-3.885780586188048e-16,0.40582758688730813,0.49073125178008115,0.5577147113843571
4,3,k4d3,32,0.2,0.1925323729196498,1,L32_nu0.2_d3_s1,0.7480836371215508,0.7133444811519887,0.9535624704969752,0.8074676270803502,0.7845145549107722,-0.022953072169578093,0.2888410866208903,0.2888410866208899,-3.885780586188048e-16,0.46256062051530844,0.5357959014730398,0.5612148898154703
4,3,k4d3,32,0.2,0.19370056429106797,2,L32_nu0.2_d3_s2,0.7279359733277923,0.7013290423009567,0.9634488031891036,0.806299435708932,0.7555523146826875,-0.05074712102624457,0.3201248350701329,0.3201248350701331,2.220446049250313e-16,0.434204246154027,0.5055834900437561,0.5598857372328545
4,3,k4d3,32,0.3,0.3162741259797712,0,L32_nu0.3_d3_s0,0.5209404460706049,0.44210266033133805,0.8486625748990477,0.6837258740202288,0.6138369494290155,-0.06988892459121332,0.5396961031072938,0.5396961031072938,0.0,0.2653598819099968,0.3785798115839939,0.43761745583653544
4,3,k4d3,32,0.3,0.28910432926879404,1,L32_nu0.3_d3_s1,0.5918480928442663,0.5489592088568251,0.9275339660531329,0.710895670731206,0.6380877838498077,-0.07280788688139828,0.4780232209540869,0.4780232209540862,-6.661338147750939e-16,0.3086077662035197,0.39840859701106734,0.4623157717872003
4,3,k4d3,32,0.3,0.2952370538768665,2,L32_nu0.3_d3_s2,0.5503049450853366,0.4883886234505104,0.8874872519540512,0.7047629461231335,0.6200708166496887,-0.08469212947344484,0.5156815774172089,0.5156815774172097,7.771561172376096e-16,0.2818902748066916,0.38361604226723145,0.45664279348032344
4,3,k4d3,32,0.5,0.484208176269703,0,L32_nu0.5_d3_s0,0.47624381102253954,0.4345692342855261,0.9124931898904171,0.515791823730297,0.5219149208990069,0.006123097168709957,0.6234393036690651,0.6234393036690655,4.440892098500626e-16,0.21041827296405535,0.3085630331686098,0.30414931467325335
4,3,k4d3,32,0.5,0.5128352492429479,1,L32_nu0.5_d3_s1,0.39540090734571504,0.3486635035001205,0.8817974289453764,0.4871647507570521,0.44840333433338747,-0.03876141642366465,0.7206958129336606,0.7206958129336604,-2.220446049250313e-16,0.15106194988464527,0.2573044596427063,0.28387483688746984
4,3,k4d3,32,0.5,0.517201777797488,2,L32_nu0.5_d3_s2,0.37039924565278415,0.35562308943186444,0.9601074883538747,0.482798222202512,0.3857893518650102,-0.09700887033750183,0.77591882576833,0.77591882576833,0.0,0.11913745353299865,0.21628407689074625,0.2808325801334657
4,3,k4d3,32,0.7,0.7010226929744915,0,L32_nu0.7_d3_s0,0.2660937759875435,0.2530326613597916,0.9509153696689119,0.2989773070255085,0.2798290830867437,-0.019148223938764808,0.9075869440447565,0.9075869440447567,2.220446049250313e-16,0.047326423141296314,0.15137115479542163,0.16272902058264826
4,3,k4d3,32,0.7,0.6844504049742525,1,L32_nu0.7_d3_s1,0.2788703644754725,0.26343210106020826,0.9446399998640872,0.31554959502574753,0.2952133770702022,-0.020336217955545355,0.8898333468442114,0.8898333468442113,-1.1102230246251565e-16,0.05669021692541987,0.1604842926247313,0.1726848212596046
4,3,k4d3,32,0.7,0.6873611341089857,2,L32_nu0.7_d3_s2,0.26088757045142497,0.20012156774912715,0.7670797324795819,0.3126388658910143,0.34010489314860015,0.027466027257585846,0.8783160349089953,0.8783160349089953,0.0,0.0628148342461905,0.18766071937188722,0.17092754592316495
10,1,k10d1,2,0.1,0.10105720299582292,0,L2_nu0.1_d1_s0,0.21689963979055044,0.17925361768360554,0.8264357555259296,0.8989427970041771,0.26245190668513513,-0.636490890319042,0.8275289763341448,0.8275289763341441,-6.661338147750939e-16,0.09031380337275385,0.14119379758011485,0.6821050440855927
10,1,k10d1,2,0.1,0.10081187010038226,1,L2_nu0.1_d1_s1,0.2830658884016143,0.2509797246415174,0.8866477202842153,0.8991881298996177,0.31925406441114784,-0.5799340654884699,0.7597499753741369,0.7597499753741372,3.3306690738754696e-16,0.1283636220452149,0.17492670895922702,0.6824911495715713
10,1,k10d1,2,0.1,0.10112343283011604,2,L2_nu0.1_d1_s2,0.22009528037956333,0.17615545124883272,0.8003599665792261,0.898876567169884,0.2749953640488295,-0.6238812031210544,0.8183493453648228,0.8183493453648228,0.0,0.09537336687182218,0.14852795938376784,0.6820008917777975
10,1,k10d1,2,0.2,0.21774014851115978,0,L2_nu0.2_d1_s0,0.25297524724433074,0.23670541583311794,0.9356860736833318,0.7822598514888403,0.2703633775893369,-0.5118964738995033,0.807084379761145,0.8070843797611449,-1.1102230246251565e-16,0.10162124927114125,0.14581230258762023,0.5333736521464312
10,1,k10d1,2,0.2,0.1970616616444192,1,L2_nu0.2_d1_s1,0.2515178049662426,0.19499711829286903,0.7752815683129889,0.8029383383555808,0.32442123642065274,-0.4785171019349281,0.7724617965310968,0.772461796531097,2.220446049250313e-16,0.12110194190048595,0.17806401491396706,0.5560837222578798
10,1,k10d1,2,0.2,0.21245765563207836,2,L2_nu0.2_d1_s2,0.11514828836301032,0.0923065958455163,0.801632374721155,0.7875423443679217,0.14364226295509114,-0.6439000814128306,0.9527793595349445,0.9527793595349442,-3.3306690738754696e-16,0.023895825469973486,0.07460401068250311,0.5390687083392164
10,1,k10d1,2,0.3,0.29759530575613674,0,L2_nu0.3_d1_s0,0.18127733101225055,0.1476805156278732,0.8146662067630127,0.7024046942438633,0.22251730771126035,-0.479887386532603,0.8703578020405849,0.8703578020405849,0.0,0.06707031238116079,0.11825020992985791,0.4544770346207808
10,1,k10d1,2,0.3,0.31078224691289263,1,L2_nu0.3_d1_s1,0.20115259133464883,0.138772210413867,0.6898852731307732,0.6892177530871073,0.29157397493324777,-0.39764377815385954,0.8225898067031827,0.8225898067031827,0.0,0.09303263195240441,0.15831952317595477,0.4425215278480319
10,1,k10d1,2,0.3,0.2906962913039012,2,L2_nu0.3_d1_s2,0.15851755648110724,0.12507225484043125,0.7890120035715908,0.7093037086960988,0.20090639402639224,-0.5083973146697066,0.8955299163941737,0.8955299163941737,0.0,0.053675575505855555,0.10607964226469946,0.46083741663214317
10,1,k10d1,2,0.5,0.4762269058156372,0,L2_nu0.5_d1_s0,0.15239886497095795,0.09922112422741677,0.6510620945000145,0.5237730941843628,0.23407731191599046,-0.28969578226837234,0.8845012818627593,0.8845012818627592,-1.1102230246251565e-16,0.05952071694121863,0.12482990905538283,0.30990804539131367
10,1,k10d1,2,0.5,0.5036534165562951,1,L2_nu0.5_d1_s1,0.12707386256176514,0.0898591601500054,0.7071411723738918,0.49634658344370486,0.1797008398410388,-0.31664574360266606,0.9267255190114746,0.9267255190114747,1.1102230246251565e-16,0.03733416025524483,0.09429631768499402,0.2903145650668212
10,1,k10d1,2,0.5,0.55723631852433,2,L2_nu0.5_d1_s2,0.14291933557319528,0.0973769749295235,0.6813422028515692,0.44276368147567,0.20976146050405503,-0.233002220971615,0.901800606290181,0.9018006062901807,-3.3306690738754696e-16,0.05036817329547083,0.11104637944606743,0.2535173689064628
10,1,k10d1,2,0.7,0.6863608557954337,0,L2_nu0.7_d1_s0,0.08503372102260745,0.06586092213541347,0.774527109285308,0.3136391442045663,0.10978792091741242,-0.20385122328715388,0.9892073878766571,0.9892073878766574,3.3306690738754696e-16,0.005410945225789665,0.05648949180065432,0.171531016998564
10,1,k10d1,2,0.7,0.734103234485873,1,L2_nu0.7_d1_s1,0.07257048273903763,0.062219459280919674,0.8573659280269627,0.265896765514127,0.0846435347693866,-0.1812532307447404,1.0108565478747524,1.0108565478747524,0.0,-0.005413620295026789,0.043257367297446336,0.1432017539199365
10,1,k10d1,2,0.7,0.7243106250649061,2,L2_nu0.7_d1_s2,0.09332055950311341,0.0700739377866326,0.7508949599074656,0.27568937493509393,0.12427911290630253,-0.1514102620287914,0.9764254250017423,0.9764254250017427,3.3306690738754696e-16,0.01185758870406628,0.06420040227958135,0.1489355928809465
10,1,k10d1,4,0.1,0.1039880762461228,0,L4_nu0.1_d1_s0,0.4056769088992875,0.34904018127198466,0.8603895701607129,0.8960119237538772,0.4715037501250866,-0.42450817362879056,0.6027823453462114,0.6027823453462112,-2.220446049250313e-16,0.22360941186396943,0.27302252450649245,0.677528177593572
10,1,k10d1,4,0.1,0.1012988570573937,1,L4_nu0.1_d1_s1,0.47409354631892253,0.41086835249783654,0.8666398344546238,0.8987011429426063,0.5470479517218009,-0.3516531912208054,0.5215944246102077,0.521594424610208,3.3306690738754696e-16,0.2777850565031158,0.3269828766827704,0.6817251862660294
10,1,k10d1,4,0.1,0.09746479844841373,2,L4_nu0.1_d1_s2,0.5007521135311382,0.4246826118708158,0.8480895045576433,0.9025352015515863,0.5904472474191583,-0.31208795413242796,0.48071012362145726,0.48071012362145793,6.661338147750939e-16,0.3066673787989943,0.36003691311073127,0.6878064727634257
10,1,k10d1,4,0.2,0.1957830479172238,0,L4_nu0.2_d1_s0,0.4366045634946053,0.37280673183008733,0.8538773137095113,0.8042169520827762,0.5113200180923626,-0.2928969339904136,0.5623169316578682,0.562316931657868,-2.220446049250313e-16,0.25012205549311683,0.3009435059255673,0.5575262178193787
10,1,k10d1,4,0.2,0.21755611932999971,1,L4_nu0.2_d1_s1,0.3779432060346265,0.313337315395319,0.8290592617945131,0.7824438806700003,0.4558699521872078,-0.32657392848279243,0.6261171717865349,0.6261171717865341,-7.771561172376096e-16,0.20872433893962405,0.26234828827366485,0.533570884988941
10,1,k10d1,4,0.2,0.1930958581843766,2,L4_nu0.2_d1_s2,0.4053801779122881,0.3433564472800493,0.8469986101647555,0.8069041418156234,0.47860784309130666,-0.32829629872431676,0.5982604467274684,0.5982604467274684,0.0,0.2265270226262146,0.2779251029784422,0.560573261869084
10,1,k10d1,4,0.3,0.2960363694126528,0,L4_nu0.3_d1_s0,0.3538522953372461,0.2969352788896712,0.8391503539822202,0.7039636305873471,0.4216792540907913,-0.2822843764965558,0.6595371603262118,0.659537160326212,2.220446049250313e-16,0.18788106762235135,0.2395259728897977,0.45590775652224846
10,1,k10d1,4,0.3,0.2973616431507618,1,L4_nu0.3_d1_s1,0.30007131565889156,0.24784873754326472,0.8259661107528476,0.7026383568492383,0.36329736989497546,-0.3393409869542628,0.7229212324711547,0.7229212324711551,4.440892098500626e-16,0.1497522522986875,0.20206351749965434,0.4546912405336204
10,1,k10d1,4,0.3,0.31693367450652293,2,L4_nu0.3_d1_s2,0.3708385050145074,0.3004750399018507,0.8102584705708917,0.683066325493477,0.4576792696202511,-0.22538705587322594,0.628750525882651,0.628750525882651,0.0,0.2070620920383166,0.26357571307041416,0.43703137342608256
10,1,k10d1,4,0.5,0.4961256586035923,0,L4_nu0.5_d1_s0,0.2831843508242803,0.22393781235580087,0.7907845603190033,0.5038743413964077,0.35810556380873626,-0.14576877758767148,0.7351753294716603,0.7351753294716603,0.0,0.1425763418987902,0.19881685227954038,0.29563811956949837
10,1,k10d1,4,0.5,0.4907094745115026,1,L4_nu0.5_d1_s1,0.22060864399884825,0.1922905527913801,0.8716365293119884,0.5092905254884974,0.2530970611947413,-0.2561934642937561,0.8318442095145462,0.8318442095145457,-4.440892098500626e-16,0.0879450622278578,0.13576453509170394,0.2994934157971799
10,1,k10d1,4,0.5,0.5220093270269949,2,L4_nu0.5_d1_s2,0.23663297877872305,0.19147151421547412,0.8091497440621762,0.4779906729730051,0.29244646063997254,-0.1855442123330326,0.7990584052364803,0.7990584052364806,3.3306690738754696e-16,0.10609933144868922,0.1588379826929729,0.2774978705726917
10,1,k10d1,4,0.7,0.7317867200939434,0,L4_nu0.7_d1_s0,0.11644935310758629,0.08753620506517679,0.7517105310520964,0.2682132799060566,0.1549124939683942,-0.11330078593766238,0.9458838783434864,0.9458838783434866,2.220446049250313e-16,0.02743438352803851,0.08071358868326262,0.14455466563085195
10,1,k10d1,4,0.7,0.6955483927770109,1,L4_nu0.7_d1_s1,0.17003657353788285,0.1444238603771809,0.8493693878452825,0.30445160722298914,0.20019154913180834,-0.1042600580911808,0.8899083272636971,0.8899083272636972,1.1102230246251565e-16,0.05665047449861027,0.10567989463045635,0.1660045606977153
10,1,k10d1,4,0.7,0.7812351801919901,2,L4_nu0.7_d1_s2,0.10548887282900993,0.07008020470202406,0.6643374113554058,0.21876481980800988,0.1587880962684122,-0.05997672353959768,0.9520944385738015,0.9520944385738018,3.3306690738754696e-16,0.0242467327373167,0.0828239516147471,0.11612490690596444
10,1,k10d1,8,0.1,0.0990497178156269,0,L8_nu0.1_d1_s0,0.6223421207392648,0.5455899308734786,0.8766720308523965,0.9009502821843731,0.7098916115005466,-0.19105867068382654,0.34634669630760073,0.3463466963076014,6.661338147750939e-16,0.4114877262897564,0.4613828924927714,0.6852783486704055
10,1,k10d1,8,0.1,0.10211066752039841,1,L8_nu0.1_d1_s1,0.694415615522291,0.6209928309468202,0.8942668008405207,0.8978893324796016,0.7765195072316341,-0.12136982524796747,0.27006231680755594,0.2700623168075562,2.7755575615628914e-16,0.48032479681289786,0.5272627656209362,0.6804524017921612
10,1,k10d1,8,0.1,0.10133596229733233,2,L8_nu0.1_d1_s2,0.6808407700819736,0.6213513192950579,0.9126235481172006,0.8986640377026677,0.746025863004073,-0.15263817469859464,0.29753464720160583,0.29753464720160494,-8.881784197001252e-16,0.45453263415525413,0.49604153246926497,0.681666900405672
10,1,k10d1,8,0.2,0.2046748916209723,0,L8_nu0.2_d1_s0,0.5194062731823434,0.45142422030001567,0.8691158416978496,0.7953251083790277,0.5976260565768359,-0.19769905180219183,0.4674692519053274,0.4674692519053272,-2.220446049250313e-16,0.3162827690445944,0.36567047725715607,0.5475899076932829
10,1,k10d1,8,0.2,0.19990052022827987,1,L8_nu0.2_d1_s1,0.4509254071943702,0.3737653717332591,0.8288851454585447,0.8000994797717201,0.5440143422342492,-0.256085137537471,0.534538020171191,0.5345380201711928,1.7763568394002505e-15,0.268878929197639,0.3247328989460905,0.5528976400998538
10,1,k10d1,8,0.2,0.20058392095012098,2,L8_nu0.2_d1_s2,0.48281831444928835,0.42259597066883975,0.8752691395952132,0.799416079049879,0.5516226867916054,-0.24779339225827357,0.5146997447033793,0.5146997447033792,-1.1102230246251565e-16,0.282574223558019,0.330390178381175,0.5521340368479415
10,1,k10d1,8,0.3,0.28846450225699133,0,L8_nu0.3_d1_s0,0.5260040202860017,0.47359276200591294,0.9003595861271337,0.7115354977430086,0.5842154938879366,-0.12732000385507203,0.47422544523331867,0.47422544523331833,-3.3306690738754696e-16,0.3113597127430616,0.3551864563208498,0.46291108533410286
10,1,k10d1,8,0.3,0.2871126050693158,1,L8_nu0.3_d1_s1,0.36088391888309546,0.3042071485908116,0.8429501362441043,0.7128873949306842,0.4281201264063732,-0.284767268524311,0.6520185959655397,0.6520185959655396,-1.1102230246251565e-16,0.19252331552821933,0.24377260457344785,0.4641711046711685
10,1,k10d1,8,0.3,0.2952837089061312,2,L8_nu0.3_d1_s2,0.48968229300998695,0.42377016986047783,0.8653981896213575,0.7047162910938688,0.56584621840293,-0.13887007269093876,0.5020285668544578,0.5020285668544563,-1.5543122344752192e-15,0.29146025739239023,0.3410965308961639,0.4565998629866467
10,1,k10d1,8,0.5,0.4809246731970048,0,L8_nu0.5_d1_s0,0.3726261451045224,0.32832184041780255,0.8811025332795893,0.5190753268029952,0.42290894763127596,-0.09616637917171922,0.6502373661669776,0.6502373661669776,0.0,0.19362703035941387,0.24033490775952848,0.3065126726485877
10,1,k10d1,8,0.5,0.4877703208044651,1,L8_nu0.5_d1_s1,0.35627135952654815,0.30571796824269387,0.8581042513464032,0.512229679195535,0.4151842377747724,-0.09704544142076255,0.6626034523653287,0.6626034523653282,-4.440892098500626e-16,0.18599542239289057,0.23526752244642601,0.30159444389061085
10,1,k10d1,8,0.5,0.5685707834959196,2,L8_nu0.5_d1_s2,0.32612117751702846,0.29381119394303995,0.9009264475861846,0.4314292165040804,0.36198424232165854,-0.06944497418242185,0.7121877195146794,0.7121877195146792,-2.220446049250313e-16,0.15608784846129897,0.20124111417878965,0.24596367229693794
10,1,k10d1,8,0.7,0.7345092267696597,0,L8_nu0.7_d1_s0,0.21566203756301563,0.21149711749103178,0.9806877458868166,0.2654907732303403,0.21990897558120978,-0.045581797649130534,0.859023330615897,0.8590233306158974,4.440892098500626e-16,0.07316488488194572,0.1167723824410889,0.14296486258166774
10,1,k10d1,8,0.7,0.7274939173379025,1,L8_nu0.7_d1_s1,0.23884308718782257,0.22085035108458173,0.9246671263753528,0.2725060826620975,0.25830169622670063,-0.014204386435396898,0.8210791416004786,0.8210791416004786,0.0,0.09386582582904501,0.13878091998998343,0.14706746026552464
10,1,k10d1,8,0.7,0.6860272116789188,2,L8_nu0.7_d1_s2,0.19932503605378848,0.17451480264976155,0.8755287650000383,0.3139727883210812,0.22766246412678373,-0.08631032419429749,0.8584132502772077,0.8584132502772086,8.881784197001252e-16,0.07349406354993726,0.12117263591009164,0.1717324033388009
10,1,k10d1,16,0.1,0.09658893696678343,0,L16_nu0.1_d1_s0,0.8037655428273955,0.7568939444027444,0.9416849865698752,0.9034110630332166,0.8535397232519798,-0.04987133978123681,0.17367346430767816,0.17367346430767894,7.771561172376096e-16,0.5832585162145744,0.617298710809566,0.6892123925141425
10,1,k10d1,16,0.1,0.10376341486495956,1,L16_nu0.1_d1_s1,0.7322727285245839,0.6698284780978322,0.9147254185574175,0.8962365851350405,0.8005382967048478,-0.09569828843019268,0.23830017323888086,0.2383001732388812,3.3306690738754696e-16,0.5118400126609302,0.5533886440145613,0.6778767085959794
10,1,k10d1,16,0.1,0.10556608543102337,2,L16_nu0.1_d1_s2,0.7100774144878113,0.6507699712046213,0.91647749657554,0.8944339145689766,0.7747897980485586,-0.11964411652041795,0.2655381451085371,0.2655381451085368,-3.3306690738754696e-16,0.4846960653085044,0.5254368303887865,0.675090650440737
10,1,k10d1,16,0.2,0.2054494421158276,0,L16_nu0.2_d1_s0,0.6417796827684735,0.6004906242084034,0.9356647465342628,0.7945505578841724,0.6859077304618448,-0.10864282742232756,0.35688219625061623,0.3568821962506161,-1.1102230246251565e-16,0.4026038196886289,0.4395606459766096,0.5467346890442336
10,1,k10d1,16,0.2,0.19564205256457087,1,L16_nu0.2_d1_s1,0.6549550986677284,0.6041511033090711,0.9224313308469545,0.8043579474354291,0.7100312801239788,-0.09432666731145034,0.33382579564270737,0.3338257956427073,-5.551115123125783e-17,0.42222340334459085,0.46151256293575316,0.5576855727374803
10,1,k10d1,16,0.2,0.2037094035978268,2,L16_nu0.2_d1_s2,0.6372251770863802,0.6069584513370815,0.9525023071315404,0.7962905964021731,0.6690011901444974,-0.1272894062576757,0.37181225203061335,0.3718122520306131,-2.7755575615628914e-16,0.39023590460686075,0.42467503977708165,0.5486582186437569
10,1,k10d1,16,0.3,0.3027634410307324,0,L16_nu0.3_d1_s0,0.5528808644530059,0.5102121998512094,0.9228248482717685,0.6972365589692676,0.5991178775565269,-0.09811868141274072,0.4534292509600772,0.4534292509600768,-3.885780586188048e-16,0.3266284450913618,0.3668474730023791,0.44976056027331845
10,1,k10d1,16,0.3,0.2960256167549487,1,L16_nu0.3_d1_s1,0.6032518077813418,0.5840036697279323,0.9680926972698168,0.7039743832450513,0.623134343934845,-0.08084003931020634,0.41909968719245666,0.4190996871924555,-1.1657341758564144e-15,0.35262090920971456,0.38610615244559177,0.45591763789390427
10,1,k10d1,16,0.3,0.30419793799501965,2,L16_nu0.3_d1_s2,0.6030446810666464,0.5708450468789348,0.9466048947969196,0.6958020620049803,0.637060598758071,-0.05874146324690932,0.40767118005774927,0.4076711800577486,-6.661338147750939e-16,0.3615086687685186,0.39755547870203933,0.44845857998241
10,1,k10d1,16,0.5,0.4642450545939446,0,L16_nu0.5_d1_s0,0.48337736923840136,0.4599741144585331,0.9515838840019716,0.5357549454060554,0.5079713700126093,-0.027783575393446114,0.5472219645358781,0.5472219645358771,-9.992007221626409e-16,0.26025547346676625,0.29855247524323625,0.3186446928408464
10,1,k10d1,16,0.5,0.5005577904694753,1,L16_nu0.5_d1_s1,0.3845325832883577,0.35413688545484645,0.9209541683735087,0.49944220953052465,0.4175371549351671,-0.08190505459535757,0.6496580303326459,0.6496580303326465,5.551115123125783e-16,0.19398633365640383,0.2368074652718143,0.2924989113298303
10,1,k10d1,16,0.5,0.48001079902873395,2,L16_nu0.5_d1_s2,0.42828941076815963,0.39322255052191973,0.9181234479196073,0.5199892009712661,0.4664834687956488,-0.053505732175617327,0.5973214739334094,0.5973214739334085,-8.881784197001252e-16,0.22713424585287167,0.2695778404207939,0.30717188348860003
10,1,k10d1,16,0.7,0.6901336045569998,0,L16_nu0.7_d1_s0,0.26065847092478356,0.23793370089246005,0.91281783418855,0.3098663954430002,0.2855536572162792,-0.02431273822672103,0.7928233889536465,0.7928233889536471,6.661338147750939e-16,0.10959369445536471,0.15475072151245173,0.16925719710791365
10,1,k10d1,16,0.7,0.7102495804656038,1,L16_nu0.7_d1_s1,0.23654654851746304,0.22563241486146737,0.9538605246011868,0.2897504195343962,0.24798861302742786,-0.04176180650696831,0.8299760763403949,0.8299760763403947,-2.220446049250313e-16,0.0889697719941479,0.13281409895422525,0.157236936935651
10,1,k10d1,16,0.7,0.6982115756037696,2,L16_nu0.7_d1_s2,0.2584062623744919,0.2348177320820894,0.9087153303652636,0.30178842439623044,0.2843643699403904,-0.017424054455840055,0.7945234341248967,0.7945234341248967,0.0,0.10863955992825403,0.15404750129832367,0.16440944500086074
10,1,k10d1,32,0.1,0.09976147271377088,0,L32_nu0.1_d1_s0,0.7912332415650938,0.7612758925880031,0.9621384095063629,0.9002385272862291,0.8223694571876057,-0.07786907009862343,0.20268182019901584,0.20268182019901548,-3.608224830031759e-16,0.549798022884155,0.5785376140004967,0.6841496039043629
10,1,k10d1,32,0.1,0.09929325590713,1,L32_nu0.1_d1_s1,0.8094963338898628,0.7773015326587168,0.9602286015596382,0.90070674409287,0.8430246011991825,-0.05768214289368745,0.18057871161312042,0.1805787116131199,-5.273559366969494e-16,0.5750544604150781,0.603798790005864,0.6848916759158368
10,1,k10d1,32,0.1,0.1025839925735548,2,L32_nu0.1_d1_s2,0.7646981962817849,0.7219929233808922,0.9441540818213775,0.8974160074264452,0.8099294500814928,-0.08748655734495248,0.2203972384792319,0.2203972384792332,1.304512053934559e-15,0.5305351573554928,0.5640291868501892,0.6797126406278968
10,1,k10d1,32,0.2,0.2043809320666346,0,L32_nu0.2_d1_s0,0.6867148576785862,0.648230225832789,0.9439583527056731,0.7956190679333655,0.7274842748202307,-0.06813479311313475,0.3099774878923358,0.3099774878923378,1.9984014443252818e-15,0.4432437805535211,0.4779696127812393,0.5479149061662898
10,1,k10d1,32,0.2,0.19761620668966134,1,L32_nu0.2_d1_s1,0.7225156484167626,0.6916444205456528,0.9572725823464758,0.8023837933103386,0.7547647992233574,-0.047618994086981226,0.27744868165756326,0.2774486816575623,-9.43689570931383e-16,0.4732660238245844,0.504787721500524,0.5554595556198949
10,1,k10d1,32,0.2,0.2040302553058436,2,L32_nu0.2_d1_s2,0.7079510242424565,0.6698317297843208,0.9461554639335041,0.7959697446941564,0.7482396405546852,-0.04773010413947121,0.2869465083209755,0.2869465083209759,3.885780586188048e-16,0.4643261175668768,0.49824272855760743,0.5483029164297786
10,1,k10d1,32,0.3,0.30157956890805454,0,L32_nu0.3_d1_s0,0.6004039060633696,0.5677260728600783,0.9455735832607286,0.6984204310919455,0.6349626477433187,-0.06345778334862684,0.41014565344733134,0.41014565344733134,0.0,0.35957385012217735,0.3958167891635176,0.45083739301728254
10,1,k10d1,32,0.3,0.3084590633665632,1,L32_nu0.3_d1_s1,0.6070106124359386,0.5926169539380356,0.9762876328633842,0.6915409366334369,0.6217538684328289,-0.06978706820060798,0.41933403367235533,0.419334033672355,-3.3306690738754696e-16,0.3524399381737974,0.38498282010404694,0.4446090895895367
10,1,k10d1,32,0.3,0.2932724303268644,2,L32_nu0.3_d1_s2,0.6552192952798024,0.6370047862595961,0.9722008964763041,0.7067275696731357,0.6739546298039978,-0.032772939869137874,0.3628657170740291,0.3628657170740319,2.831068712794149e-15,0.3976166361244452,0.42899617322122774,0.458453667423678
10,1,k10d1,32,0.5,0.481123929677697,0,L32_nu0.5_d1_s0,0.4847319755979147,0.4722784718509844,0.9743084748400002,0.518876070322303,0.49751386559325256,-0.021362204729050427,0.5555866734700569,0.5555866734700567,-1.1102230246251565e-16,0.2546231332607264,0.2911374361649872,0.30636902485709516
10,1,k10d1,32,0.5,0.5347112985248528,1,L32_nu0.5_d1_s1,0.4103555598620748,0.39276609517022104,0.9571360390541175,0.4652887014751472,0.4287327434327994,-0.03655595804234785,0.632778365929049,0.6327783659290495,4.440892098500626e-16,0.20452632606160437,0.244177761264462,0.26876043698056606
10,1,k10d1,32,0.5,0.515569316813798,2,L32_nu0.5_d1_s2,0.45390200212858783,0.43608359388762286,0.9607439311626629,0.48443068318620197,0.4724484718621012,-0.011982211324100767,0.5846712302416834,0.5846712302416849,1.4432899320127035e-15,0.23536202668080664,0.27367257511649823,0.28196844302370805
10,1,k10d1,32,0.7,0.7366029065795948,0,L32_nu0.7_d1_s0,0.2625567865905578,0.26218112024188983,0.9985691996251698,0.2633970934204052,0.2629329912129405,-0.00046410220746467834,0.8108494350365856,0.8108494350365854,-2.220446049250313e-16,0.0995282153023419,0.14147393237767125,0.1417442650470695
10,1,k10d1,32,0.7,0.7127733593030223,1,L32_nu0.7_d1_s1,0.24245466828862575,0.2285649672324939,0.9427121731490148,0.2872266406969777,0.25718843481010284,-0.030038205886874836,0.820799133931993,0.8207991339319931,1.1102230246251565e-16,0.09402034574059392,0.13813483352098677,0.15574094064498056
10,1,k10d1,32,0.7,0.6852606259892026,2,L32_nu0.7_d1_s2,0.278908650920139,0.26784795532778083,0.9603429454200572,0.31473937401079743,0.2904260943970838,-0.024313279613713656,0.7832458579547255,0.7832458579547249,-5.551115123125783e-16,0.11498821592324238,0.15763790113579057,0.17219529719311055
10,3,k10d3,2,0.1,0.10074381379100372,0,L2_nu0.1_d3_s0,0.008592905363265598,0.008072791295943451,0.9394716867771385,0.8992561862089963,0.009146529357093874,-0.8901096568519024,1.0900797014398178,1.090079701439818,2.220446049250313e-16,-0.04406882026033987,0.004583770152954525,0.6825983399681033
10,3,k10d3,2,0.1,0.09974563697693725,1,L2_nu0.1_d3_s1,0.05597584284460008,0.04029930574186473,0.719941026234183,0.9002543630230627,0.07775059456938382,-0.8225037684536789,1.0243176894784782,1.0243176894784782,0.0,-0.012085811321588702,0.03966182756769676,0.6841746733130206
10,3,k10d3,2,0.1,0.1003786297556132,2,L2_nu0.1_d3_s2,-0.0190733904391549,-0.007931150567505473,,0.8996213702443868,,,1.1310087453675548,1.131008745367555,2.220446049250313e-16,-0.0634889493396511,,0.6831741333861561
10,3,k10d3,2,0.2,0.2100090351433697,0,L2_nu0.2_d3_s0,0.024302432746795114,0.03563302396865542,1.4662327981693326,0.7899909648566303,0.016574743640394594,-0.7734162212162358,1.0834648560781996,1.0834648560781996,0.0,-0.04089617929849254,0.008321999659362533,0.5417325724608286
10,3,k10d3,2,0.2,0.19650722264634335,1,L2_nu0.2_d3_s1,0.06106104011041931,0.039005864730742586,0.6388011841954641,0.8034927773536567,0.09558692378963327,-0.7079058535640234,1.0129831980368296,1.0129831980368298,2.220446049250313e-16,-0.006470664270364912,0.04899365080438778,0.5567086481259269
10,3,k10d3,2,0.2,0.19575194986101077,2,L2_nu0.2_d3_s2,0.003685728116760092,0.0064139796963260986,1.7402205190230506,0.8042480501389893,0.0021179661292749486,-0.8021300840097143,1.0984011254931731,1.0984011254931736,4.440892098500626e-16,-0.04804633747424214,0.001059544381786015,0.5575613603435943
10,3,k10d3,2,0.3,0.30129703899885146,0,L2_nu0.3_d3_s0,0.052569751831385785,0.03938457251912277,0.7491869591746665,0.6987029610011486,0.07016906953278881,-0.6285338914683598,1.0303066116044388,1.030306611604439,2.220446049250313e-16,-0.015040201964650723,0.03572258635431513,0.4510946903163976
10,3,k10d3,2,0.3,0.29692517539938873,1,L2_nu0.3_d3_s1,-0.007964554139253153,0.0003814849498152781,,0.7030748246006113,0.1662821106515748,-0.5367927139490365,1.11627244473334,1.11627244473334,0.0,-0.05653795233930903,0.08691846511473844,0.45509158989845944
10,3,k10d3,2,0.3,0.2859090903427094,2,L2_nu0.3_d3_s2,-0.01712105366757417,0.002392914729280142,,0.7140909096572906,0.12249934153572498,-0.5915915681215657,1.1363957305915002,1.1363957305915007,4.440892098500626e-16,-0.06601863519898199,0.06324994877807721,0.46529532418099295
10,3,k10d3,2,0.5,0.4963380734641885,0,L2_nu0.5_d3_s0,0.012739513624557072,0.012717946017895169,0.9983070306059151,0.5036619265358115,0.012761117806437685,-0.49090080872937386,1.0859671241669913,1.0859671241669917,4.440892098500626e-16,-0.04209746385210589,0.006401045595577193,0.29548735038738405
10,3,k10d3,2,0.5,0.5010944208884911,1,L2_nu0.5_d3_s1,0.03495778278046828,0.021243563317356877,0.6076919537707679,0.4989055791115089,0.05752549883794408,-0.44138008027356485,1.0492036414246844,1.0492036414246848,4.440892098500626e-16,-0.024306419693191472,0.02918874071112265,0.29211976938998285
10,3,k10d3,2,0.5,0.5327679428446886,2,L2_nu0.5_d3_s2,0.06368652006081732,0.052996428477827595,0.8321451451142056,0.46723205715531135,0.07653294672779329,-0.39069911042751804,1.0203237455084104,1.0203237455084102,-2.220446049250313e-16,-0.010110759030122596,0.03902806842644635,0.2700904557106486
10,3,k10d3,2,0.7,0.6344109876038249,0,L2_nu0.7_d3_s0,0.044417540604354086,0.03529874049360637,0.7947027235935293,0.36558901239617514,0.055892020104705904,-0.30969699229146924,1.0429337852355378,1.0429337852355376,-2.220446049250313e-16,-0.021241296283859512,0.028347809195443663,0.2035007924650365
10,3,k10d3,2,0.7,0.7516565743275161,1,L2_nu0.7_d3_s1,0.0223608711589651,0.022713425035883764,1.0157665537452603,0.2483434256724839,0.022013789562688124,-0.22632963610979578,1.0757203402143654,1.0757203402143651,-2.220446049250313e-16,-0.037169388390519975,0.011068146717221006,0.13301870012813077
10,3,k10d3,2,0.7,0.7065083848829101,2,L2_nu0.7_d3_s2,0.030207090157338818,0.0073570393271913115,0.24355339388437974,0.2934916151170899,0.12402656220704852,-0.16946505291004135,1.0462071550797947,1.0462071550797947,0.0,-0.022842683446381518,0.06406547355439896,0.1594594686257479
10,3,k10d3,4,0.1,0.10053592816204425,0,L4_nu0.1_d3_s0,0.13393421911346884,0.10092518121027416,0.7535429099323043,0.8994640718379557,0.17773933952281631,-0.7217247323151395,0.9229642248623092,0.9229642248623091,-1.1102230246251565e-16,0.039289728970118065,0.09321410439002542,0.6829259894566503
10,3,k10d3,4,0.1,0.10107880182192701,1,L4_nu0.1_d3_s1,0.06842664755894805,0.08599030239255795,1.2566785815201482,0.898921198178073,0.054450396915474895,-0.8444708012625981,1.0405379770354062,1.0405379770354062,0.0,-0.020067633559366582,0.02760625100501335,0.6820710742604144
10,3,k10d3,4,0.1,0.10328811689957465,2,L4_nu0.1_d3_s2,0.22802387972791288,0.16434463237615202,0.7207343045485172,0.8967118831004254,0.3163771701844437,-0.5803347129159817,0.7918624096827105,0.7918624096827113,7.771561172376096e-16,0.11013348771700004,0.17318512965987587,0.6786153132154946
10,3,k10d3,4,0.2,0.2067612506496874,0,L4_nu0.2_d3_s0,0.08503488551259711,0.04349796910951895,0.5115308716806014,0.7932387493503126,0.16623607727373427,-0.6270026720765783,0.9690784011733732,0.9690784011733731,-1.1102230246251565e-16,0.015582201921677363,0.08689325775883916,0.5452899268218403
10,3,k10d3,4,0.2,0.20324353753773625,1,L4_nu0.2_d3_s1,0.09837149395444816,0.11219596519934778,1.140533305830459,0.7967564624622637,0.08625043517060706,-0.7105060272916567,1.0042333807705166,1.0042333807705166,0.0,-0.0021144549254423772,0.04409751290762254,0.5491746041561809
10,3,k10d3,4,0.2,0.19143513513765428,2,L4_nu0.2_d3_s2,0.10381084179919214,0.07064365576838184,0.6805036405063771,0.8085648648623457,0.15255001681099647,-0.6560148480513492,0.9559576065931592,0.9559576065931595,3.3306690738754696e-16,0.022269154320495366,0.07942953382752738,0.562466989659461
10,3,k10d3,4,0.3,0.30015403310139566,0,L4_nu0.3_d3_s0,-0.016991124078721855,-0.006159559596365766,,0.6998459668986043,,,1.1284386445207146,1.1284386445207146,0.0,-0.06227992757121914,,0.45213684819893607
10,3,k10d3,4,0.3,0.30133688827486166,1,L4_nu0.3_d3_s1,0.18097971439166308,0.12697129268697363,0.7015774840499065,0.6986631117251383,0.2579611211963997,-0.4407019905287386,0.85231473463495,0.8523147346349502,2.220446049250313e-16,0.07679106664041102,0.1385832142315775,0.4510583926546816
10,3,k10d3,4,0.3,0.2921211915921173,2,L4_nu0.3_d3_s2,0.14908081680349172,0.07698792203266142,0.5164173612902974,0.7078788084078826,0.2886828135115463,-0.41919599489633635,0.8711274962224117,0.8711274962224118,1.1102230246251565e-16,0.06665788896974567,0.1566037784715575,0.4595176306371157
10,3,k10d3,4,0.5,0.49740664567432,0,L4_nu0.5_d3_s0,0.07041752162019825,0.0626223148265568,0.8893001824789369,0.50259335432568,0.07918307339587899,-0.423410280929801,1.0155250401035045,1.0155250401035048,2.220446049250313e-16,-0.007732623320047427,0.04040793740041748,0.2947293812483608
10,3,k10d3,4,0.5,0.5192490416278522,1,L4_nu0.5_d3_s1,0.12852042505409386,0.07766066595722755,0.6042671110412249,0.48075095837214776,0.21268810217494336,-0.2680628561972044,0.9128537492533166,0.9128537492533171,4.440892098500626e-16,0.04456619839294118,0.1126940224336046,0.27941062897940816
10,3,k10d3,4,0.5,0.48448381569189464,2,L4_nu0.5_d3_s2,0.08215087706502708,0.05760193628841959,0.7011725053504224,0.5155161843081053,0.11716214831323261,-0.3983540359948727,0.9875399885295235,0.9875399885295235,0.0,0.006249534073304974,0.060405485495595546,0.30395128353548795
10,3,k10d3,4,0.7,0.7138035875536144,0,L4_nu0.7_d3_s0,0.04892560754967272,0.039368705174141136,0.8046646152359224,0.2861964124463856,0.06080248419439701,-0.2253939282519886,1.0375806195573816,1.0375806195573818,2.220446049250313e-16,-0.018617013188657383,0.03087796650493857,0.1551310234399571
10,3,k10d3,4,0.7,0.7430664745727603,1,L4_nu0.7_d3_s1,0.02491456656950406,0.01253157450193745,0.5029818386355697,0.2569335254272397,0.049533729959493934,-0.20739979546774576,1.0614492839127359,1.0614492839127356,-2.220446049250313e-16,-0.030266608171271248,0.025081403377437805,0.13798696380346986
10,3,k10d3,4,0.7,0.7260594193477209,2,L4_nu0.7_d3_s2,0.02781650744158817,0.030626872719877546,1.1010322839483302,0.2739405806522791,0.025264025267122465,-0.24867655538515665,1.0719311705647132,1.0719311705647137,4.440892098500626e-16,-0.03534108899662303,0.012712820536558644,0.14790879634412324
10,3,k10d3,8,0.1,0.0994671982368695,0,L8_nu0.1_d3_s0,0.24145831034627568,0.1677085532485185,0.694565256453619,0.9005328017631304,0.34763948830256464,-0.5528933134605658,0.7680210772311149,0.7680210772311155,5.551115123125783e-16,0.12363188257952074,0.1923116246364348,0.6846157926641387
10,3,k10d3,8,0.1,0.09873936960147468,1,L8_nu0.1_d3_s1,0.4027888934617282,0.31887008607628164,0.7916556073226972,0.9012606303985253,0.5087930783739678,-0.3924675520245575,0.5814052905451973,0.5814052905451972,-1.1102230246251565e-16,0.23750062915094983,0.29913844332419526,0.6857717873877733
10,3,k10d3,8,0.1,0.10205763442051245,2,L8_nu0.1_d3_s2,0.40694866139629376,0.3149497456298243,0.7739299216495535,0.8979423655794876,0.5258210724414476,-0.37212129313804,0.569557448274255,0.5695574482742544,-6.661338147750939e-16,0.24530970042390565,0.3113934885883286,0.6805353941036465
10,3,k10d3,8,0.2,0.21060809484630658,0,L8_nu0.2_d3_s0,0.32878059758175154,0.2791694781842143,0.849105696131593,0.7893919051536934,0.3872080932675756,-0.4021838118861178,0.6936913352022883,0.6936913352022899,1.5543122344752192e-15,0.16711865478791743,0.21718973771901506,0.5410794242504411
10,3,k10d3,8,0.2,0.2002000931712831,1,L8_nu0.2_d3_s1,0.12546131845481825,0.06966832860552946,0.5552972777870078,0.7997999068287169,0.22593541058730118,-0.5738644962414158,0.9117788588353395,0.9117788588353402,6.661338147750939e-16,0.045128878415867324,0.12019059483732564,0.5525627494594543
10,3,k10d3,8,0.2,0.20436450260474498,2,L8_nu0.2_d3_s2,0.33369404763549576,0.26239478195229093,0.786333420723503,0.7956354973952551,0.42436711812206185,-0.3712683792731932,0.6687672084860702,0.6687672084860704,2.220446049250313e-16,0.18221811680248734,0.24129526040894,0.5479330772941411
10,3,k10d3,8,0.3,0.28591056447293495,0,L8_nu0.3_d3_s0,0.11881262084610228,0.0960356343214524,0.8082948902023392,0.714089435527065,0.14699167628829138,-0.5670977592387737,0.9488068291971026,0.9488068291971027,1.1102230246251565e-16,0.025932841536528084,0.07641550266815944,0.46529394573005356
10,3,k10d3,8,0.3,0.32730267904034066,1,L8_nu0.3_d3_s1,0.2019190715232282,0.1769204364723941,0.8761947801054627,0.6726973209596594,0.2304499822504356,-0.44224733870922384,0.8553902497786984,0.8553902497786985,1.1102230246251565e-16,0.07512690071626671,0.12275999991475284,0.427896268985824
10,3,k10d3,8,0.3,0.3014477325076594,2,L8_nu0.3_d3_s2,0.19591841679398736,0.15796741617206667,0.8062918165481756,0.6985522674923406,0.24298698408317693,-0.45556528340916363,0.8503338409668856,0.8503338409668855,-1.1102230246251565e-16,0.077864521359857,0.1299350507480358,0.450957440167286
10,3,k10d3,8,0.5,0.4761233578109941,0,L8_nu0.5_d3_s0,0.2635117772160146,0.22624878686895267,0.8585907971903833,0.523876642189006,0.3069119516285518,-0.2169646905604542,0.7766003537500288,0.7766003537500283,-4.440892098500626e-16,0.11875068581585335,0.1674809020980671,0.3099830742575991
10,3,k10d3,8,0.5,0.4893838478808783,1,L8_nu0.5_d3_s1,0.14669856207112114,0.10319587154325911,0.7034552355954831,0.5106161521191217,0.20854001029211064,-0.30207614182701104,0.8994791602466908,0.8994791602466911,2.220446049250313e-16,0.05159124832871198,0.11035962900288221,0.3004402470975919
10,3,k10d3,8,0.5,0.47987427770614505,2,L8_nu0.5_d3_s2,0.16011785800059727,0.1297122551886645,0.810104861558794,0.5201257222938549,0.1976507802860242,-0.32247494200783067,0.8965053136686032,0.8965053136686034,2.220446049250313e-16,0.05316035482844128,0.10426051794398628,0.30727041516465814
10,3,k10d3,8,0.7,0.7376325587554511,0,L8_nu0.7_d3_s0,0.10907510878534206,0.08052265709871981,0.7382312793030261,0.2623674412445489,0.14775194690791388,-0.11461549433663504,0.9543201738181635,0.9543201738181638,3.3306690738754696e-16,0.023106876972632473,0.0768271813511372,0.14114462291055596
10,3,k10d3,8,0.7,0.7202840568782488,1,L8_nu0.7_d3_s1,0.1540079022630727,0.1342054636473341,0.8714193341721352,0.2797159431217512,0.17673225303106582,-0.10298369009068536,0.9127691127564554,0.9127691127564554,0.0,0.044610491602270375,0.0926589687615057,0.1513044969612194
10,3,k10d3,8,0.7,0.6915173173418063,2,L8_nu0.7_d3_s2,0.12618209942708888,0.09134267816824106,0.723895691884736,0.3084826826581937,0.1743097808726572,-0.13417290178553648,0.9298442114972394,0.9298442114972392,-2.220446049250313e-16,0.035715699859611205,0.09132502008289967,0.16842479754275597
10,3,k10d3,16,0.1,0.10306353704560955,0,L16_nu0.1_d3_s0,0.6470464494670993,0.5706653881952405,0.8819542842175156,0.8969364629543904,0.7336507810505956,-0.1632856819037949,0.3195059504415184,0.31950595044151786,-5.551115123125783e-16,0.4347514259712649,0.48390967946549857,0.6789648974868798
10,3,k10d3,16,0.1,0.10368614155169112,1,L16_nu0.1_d3_s1,0.5544181588269884,0.4938350736067265,0.8907267298956428,0.8963138584483089,0.6224335031373133,-0.27388035531099564,0.435615248592077,0.43561524859207723,2.220446049250313e-16,0.33998844813740037,0.38553560163123635,0.6779966746263463
10,3,k10d3,16,0.1,0.09962654108121394,2,L16_nu0.1_d3_s2,0.5166415615606413,0.4628790813789291,0.8959385303433397,0.9003734589187861,0.5766484463645681,-0.32372501255421793,0.48330805011975364,0.48330805011975353,-1.1102230246251565e-16,0.3047963966435778,0.34934528847058066,0.6843632767227268
10,3,k10d3,16,0.2,0.20224069487919852,0,L16_nu0.2_d3_s0,0.6332773680394194,0.5970323635801927,0.942765988035482,0.7977593051208015,0.6717227563109599,-0.1260365488098416,0.3707743911433342,0.37077439114333477,5.551115123125783e-16,0.3910875340877523,0.4270451643549553,0.5502882090947598
10,3,k10d3,16,0.2,0.20116568546467906,1,L16_nu0.2_d3_s1,0.3870863990534077,0.3151937297592487,0.8142722930333708,0.7988343145353209,0.4753770972746877,-0.32345721726063326,0.6095015586765091,0.6095015586765085,-6.661338147750939e-16,0.21929419197977706,0.27569143127717155,0.5514850220286072
10,3,k10d3,16,0.2,0.20115051156298835,2,L16_nu0.2_d3_s2,0.41380775848471346,0.3423540167656592,0.8273262396512223,0.7988494884370116,0.5001748266308624,-0.2986746618061492,0.5805030981196665,0.5805030981196665,0.0,0.23809246091164937,0.2930168507176868,0.5515019380610566
10,3,k10d3,16,0.3,0.31662720437016884,0,L16_nu0.3_d3_s0,0.48985151310621067,0.4319895065420117,0.8818784774241307,0.6833727956298312,0.5554637352495694,-0.12790906038026184,0.5090875296753892,0.5090875296753894,2.220446049250313e-16,0.28649630016699346,0.33326447166029116,0.43730363039187037
10,3,k10d3,16,0.3,0.28662664100059293,1,L16_nu0.3_d3_s1,0.4295420182216998,0.3704472205747887,0.8624237091133411,0.7133733589994071,0.4980637866082236,-0.21530957239118353,0.57431846207391,0.5743184620739104,3.3306690738754696e-16,0.24216198163861558,0.2915254320783446,0.4646247661680707
10,3,k10d3,16,0.3,0.3074892942495392,2,L16_nu0.3_d3_s2,0.4914641076663723,0.4430014158363615,0.9013911879340955,0.6925107057504608,0.5452284360497934,-0.14728226970066738,0.5157730589199797,0.5157730589199809,1.2212453270876722e-15,0.2818265815835428,0.3256324711626407,0.4454828278136562
10,3,k10d3,16,0.5,0.5003109814055379,0,L16_nu0.5_d3_s0,0.3104210247915952,0.2721820740758185,0.8768158479553733,0.49968901859446213,0.35403217849615615,-0.14565684009830598,0.7241218170850456,0.7241218170850462,5.551115123125783e-16,0.14904652472356306,0.1962787662977643,0.29267335593409327
10,3,k10d3,16,0.5,0.4982605544294978,1,L16_nu0.5_d3_s1,0.2615324650398615,0.21558957967846293,0.824331998880536,0.5017394455705022,0.31726593823244675,-0.18447350733805545,0.7709656916308933,0.7709656916308938,4.440892098500626e-16,0.12195347980252591,0.17372276942447862,0.2941242641728661
10,3,k10d3,16,0.5,0.5586095012746436,2,L16_nu0.5_d3_s2,0.299743492217022,0.2380030495514512,0.7940224082634324,0.4413904987253564,0.37750004168342854,-0.06389045704192786,0.7147157601622608,0.7147157601622622,1.4432899320127035e-15,0.15459136498243597,0.211013334512825,0.25259816612839137
10,3,k10d3,16,0.7,0.6323017123853611,0,L16_nu0.7_d3_s0,0.22282417984456623,0.1786519142369934,0.801761794261351,0.36769828761463885,0.27791818148412795,-0.0897801061305109,0.8151383631241615,0.8151383631241615,0.0,0.09714986674190407,0.15024602471311022,0.20482598609778424
10,3,k10d3,16,0.7,0.6444326728978104,1,L16_nu0.7_d3_s1,0.13296542062660402,0.10844589928299586,0.8155947521689543,0.35556732710218963,0.16302878393099274,-0.1925385431711969,0.9316704681014882,0.9316704681014885,2.220446049250313e-16,0.03476921510890041,0.08513869025463361,0.1972343599170363
10,3,k10d3,16,0.7,0.7109554274155456,2,L16_nu0.7_d3_s2,0.2111602885068667,0.17530497271826015,0.8301985849605402,0.2890445725844544,0.2543491308370554,-0.03469544174739897,0.8354538984327012,0.8354538984327008,-4.440892098500626e-16,0.08596832744554128,0.13648921884961696,0.15681827141739746
10,3,k10d3,32,0.1,0.10016121923926496,0,L32_nu0.1_d3_s0,0.5475564690968479,0.47001560086956873,0.8583874493252234,0.8998387807607351,0.6378896493969954,-0.26194913136373965,0.4279011025889155,0.4279011025889161,6.106226635438361e-16,0.3458584995668632,0.39824394427392373,0.6835174266420583
10,3,k10d3,32,0.1,0.10134033122152768,1,L32_nu0.1_d3_s1,0.7739338915664308,0.7302493756732159,0.943555235958464,0.8986596687784724,0.8202316749164857,-0.07842799386198662,0.20935665497303085,0.20935665497303302,2.1649348980190553e-15,0.5424449159139079,0.5760090507056616,0.6816600382899947
10,3,k10d3,32,0.1,0.09686389606129171,2,L32_nu0.1_d3_s2,0.730841787819333,0.6932708900036778,0.948592296661418,0.9031361039387082,0.7704487906886229,-0.13268731325008531,0.2622602253646427,0.2622602253646442,1.4988010832439613e-15,0.4878865112451707,0.5208849727764979,0.6887703483578538
10,3,k10d3,32,0.2,0.21551311330792042,0,L32_nu0.2_d3_s0,0.5541381282506913,0.49157363330187326,0.8870958489243065,0.7844868866920796,0.6246654506642544,-0.15982143602782517,0.4341400134703031,0.4341400134703035,3.885780586188048e-16,0.341106978736075,0.38735446681156194,0.5357661006476149
10,3,k10d3,32,0.2,0.19636479581708516,1,L32_nu0.2_d3_s1,0.5966045719348763,0.530405188887362,0.8890397657650864,0.8036352041829149,0.6710662390016409,-0.13256896518127403,0.38415552612887305,0.3841555261288734,3.3306690738754696e-16,0.3801971877049338,0.42647252812235825,0.5568693242201741
10,3,k10d3,32,0.2,0.19960262349403438,2,L32_nu0.2_d3_s2,0.6453122355010718,0.591107910382444,0.9160029484385351,0.8003973765059657,0.7044870724500435,-0.09591030405592216,0.34137264834205805,0.3413726483420563,-1.7763568394002505e-15,0.4157289598636109,0.4563889924312087,0.553230905842812
10,3,k10d3,32,0.3,0.2920018977997999,0,L32_nu0.3_d3_s0,0.5144995976039801,0.4300059782160391,0.8357751497155157,0.7079981022002001,0.6155957110941949,-0.09240239110600523,0.4580061851864759,0.45800618518647496,-9.43689570931383e-16,0.3232384576629107,0.37999654121464355,0.45962800054055364
10,3,k10d3,32,0.3,0.3074340135666482,1,L32_nu0.3_d3_s1,0.4696597067831037,0.398689289779501,0.8488897046550814,0.6925659864333518,0.5532635208173888,-0.13930246561596293,0.5195009472353442,0.5195009472353437,-5.551115123125783e-16,0.27923585880307267,0.3316165178712065,0.4455326758350424
10,3,k10d3,32,0.3,0.30140881071329434,2,L32_nu0.3_d3_s2,0.5028245100412435,0.4609710609807389,0.9167633076258124,0.6985911892867056,0.5484780050190198,-0.15011318426768583,0.5092249348001772,0.509224934800178,8.881784197001252e-16,0.28640001765682677,0.32804613627051726,0.4509928864638507
10,3,k10d3,32,0.5,0.5048363065885049,0,L32_nu0.5_d3_s0,0.39033566361058813,0.361484356624715,0.9260859058611254,0.49516369341149513,0.4214896924142612,-0.07367400099723392,0.6446645937410668,0.6446645937410673,5.551115123125783e-16,0.1970899217589389,0.23940134920857326,0.2894816634396373
10,3,k10d3,32,0.5,0.52131993199381,1,L32_nu0.5_d3_s1,0.3582854543735648,0.3377977701082416,0.9428174266768814,0.47868006800619,0.38001573182244,-0.09866433618375003,0.6874470843502877,0.6874470843502879,2.220446049250313e-16,0.17087571236256283,0.21260920237942837,0.2779751167765684
10,3,k10d3,32,0.5,0.4760833096361919,2,L32_nu0.5_d3_s2,0.3880448543119978,0.36828901806468195,0.9490887818050239,0.5239166903638082,0.4088604372438109,-0.11505625311999729,0.655370407634218,0.6553704076342183,2.220446049250313e-16,0.19045049093077815,0.2311439908824351,0.31001209457252665
10,3,k10d3,32,0.7,0.6580337013776939,0,L32_nu0.7_d3_s0,0.2677243569506313,0.23540925396646098,0.8792971123276271,0.3419662986223061,0.3044754192833934,-0.03749087933891271,0.776419614668552,0.7764196146685524,3.3306690738754696e-16,0.11885323885941002,0.16601883671355822,0.188807235376391
10,3,k10d3,32,0.7,0.6935600624111151,1,L32_nu0.7_d3_s1,0.19159597702106423,0.17366452510936428,0.9064100813049506,0.3064399375888849,0.21137891223057137,-0.09506102535831351,0.8731061185562995,0.8731061185562994,-1.1102230246251565e-16,0.06559852389013243,0.1119565957851899,0.16719746493474508
10,3,k10d3,32,0.7,0.7605612372228918,2,L32_nu0.7_d3_s2,0.18149605440897593,0.18222287395156303,1.0040046024413805,0.23943876277710818,0.1807721338803053,-0.05866662889680288,0.9010084777384546,0.9010084777384549,3.3306690738754696e-16,0.050785336323519226,0.09488792621040865,0.1278983790733491
20,1,k20d1,2,0.1,0.10195869058768792,0,L2_nu0.1_d1_s0,0.1305098301765138,0.11844005250179282,0.9075182485610725,0.8980413094123121,0.1438095932323624,-0.7542317161799497,0.9014983895236763,0.9014983895236756,-7.771561172376096e-16,0.05052730975363151,0.07469442519368896,0.6806902904894874
20,1,k20d1,2,0.1,0.10143375209672649,1,L2_nu0.1_d1_s1,0.11181386623148701,0.09034532419600634,0.8079974983511027,0.8985662479032736,0.13838392626173707,-0.7601823216415364,0.9122003255232317,0.912200325523232,3.3306690738754696e-16,0.044908210943455096,0.071767230842251,0.6815133407868919
20,1,k20d1,2,0.1,0.10109751316834356,2,L2_nu0.1_d1_s2,0.07135183447653855,0.058294722470104046,0.8170038359598468,0.8989024868316564,0.08733353668127118,-0.8115689501503852,0.9626763173935217,0.9626763173935219,2.220446049250313e-16,0.01883930093306241,0.04466421436296608,0.6820416486891034
20,1,k20d1,2,0.2,0.20328589137846562,0,L2_nu0.2_d1_s0,0.15942422603192932,0.145568163805447,0.9130868465141098,0.7967141086215344,0.17459919244326313,-0.6221149161782712,0.8694413035513158,0.869441303551316,2.220446049250313e-16,0.06756163552151295,0.09148428326377489,0.5491276329398023
20,1,k20d1,2,0.2,0.2099608619107148,1,L2_nu0.2_d1_s1,0.14195440101851028,0.12226280980415041,0.86128227745618,0.7900391380892852,0.16481751074430137,-0.6252216273449838,0.8822408672769226,0.8822408672769222,-4.440892098500626e-16,0.06072322115527484,0.08611680765225882,0.5417851356506265
20,1,k20d1,2,0.2,0.19252783299087378,2,L2_nu0.2_d1_s2,0.1293143067263899,0.11341720373745148,0.8770661700829873,0.8074721670091263,0.14743962444037065,-0.6600325425687557,0.8991177300977986,0.8991177300977993,6.661338147750939e-16,0.05178181303151619,0.07665803974928698,0.5612200631399906
20,1,k20d1,2,0.3,0.2918550523889504,0,L2_nu0.3_d1_s0,0.10182136077272418,0.08532949921269849,0.8380314166411778,0.7081449476110496,0.12150064872367586,-0.5866442988873738,0.9274203027066155,0.9274203027066152,-2.220446049250313e-16,0.03697336344906044,0.06271703777550497,0.45976389199818346
20,1,k20d1,2,0.3,0.3180298880218884,1,L2_nu0.3_d1_s1,0.08405274607366202,0.06367185204845086,0.7575225679438268,0.6819701119781116,0.11095741517221022,-0.5710126968059014,0.9423827672987038,0.9423827672987043,4.440892098500626e-16,0.02923598784323289,0.05710945236056708,0.43605861295531034
20,1,k20d1,2,0.3,0.28035276450239044,2,L2_nu0.3_d1_s2,0.1429791793002088,0.11793172930984915,0.8248175006112721,0.7196472354976096,0.17334644232723836,-0.5463007931703712,0.8760767842439391,0.8760767842439392,1.1102230246251565e-16,0.0640102648832418,0.09079509588170298,0.4705165115866309
20,1,k20d1,2,0.5,0.4913817287357097,0,L2_nu0.5_d1_s0,0.09533568599509898,0.07436598046564158,0.7800434820332083,0.5086182712642904,0.12221842524291526,-0.3863998460213751,0.9299763094521609,0.9299763094521616,6.661338147750939e-16,0.03564720695579415,0.063100018808259,0.299013745687043
20,1,k20d1,2,0.5,0.4950065164286016,1,L2_nu0.5_d1_s1,0.07553285586623609,0.04849229917857874,0.6420027234830831,0.5049934835713984,0.11765192436637134,-0.38734155920502705,0.9450019724871774,0.9450019724871778,3.3306690738754696e-16,0.027887880701419565,0.06066615325879554,0.29643300501757364
20,1,k20d1,2,0.5,0.48607328428914975,2,L2_nu0.5_d1_s2,0.10625381545599549,0.09641021707495057,0.9073576949797006,0.5139267157108502,0.11710245699560921,-0.396824258715241,0.9290820753092123,0.929082075309212,-2.220446049250313e-16,0.03611096317614848,0.06037372162950294,0.30281043876923275
20,1,k20d1,2,0.7,0.672034111012543,0,L2_nu0.7_d1_s0,0.05190163138900538,0.05326409722450673,1.026250925048764,0.32796588898745704,0.050574016668037784,-0.27739187231941925,0.9967976295852704,0.9967976295852707,3.3306690738754696e-16,0.0016024691610708741,0.02561507435102306,0.18022313339998242
20,1,k20d1,2,0.7,0.6848007333764637,1,L2_nu0.7_d1_s1,0.0609429335433117,0.05239366635085301,0.8597168417174604,0.31519926662353626,0.07088721609962381,-0.24431205052391244,0.977888115946687,0.977888115946687,0.0,0.011117744144083175,0.03609503378166157,0.17247312226341327
20,1,k20d1,2,0.7,0.6896093544035354,2,L2_nu0.7_d1_s2,0.05751369434883325,0.04770485829751551,0.8294521650474236,0.31039064559646456,0.06933937455639161,-0.24105127104007296,0.9802922266849734,0.9802922266849734,0.0,0.009902920575475371,0.035292466369413855,0.1695727880159903
20,1,k20d1,4,0.1,0.10449343449865471,0,L4_nu0.1_d1_s0,0.2853065860531987,0.2495006749945274,0.8745002295460685,0.8955065655013453,0.32625101333740564,-0.5692555521639397,0.7164124691384045,0.7164124691384037,-7.771561172376096e-16,0.15358847530388353,0.1791778593004485,0.6767455576505488
20,1,k20d1,4,0.1,0.10207207992251748,1,L4_nu0.1_d1_s1,0.21019028478233334,0.1642896721071656,0.7816235287815466,0.8979279200774826,0.2689149917352075,-0.6290129283422751,0.7856946189371402,0.7856946189371405,3.3306690738754696e-16,0.11360583319995832,0.1449649081676282,0.6805127859795991
20,1,k20d1,4,0.1,0.09949232201073564,2,L4_nu0.1_d1_s2,0.27491996447088546,0.25373289328817983,0.9229336755390517,0.9005076779892643,0.2978761873764274,-0.6026314906128369,0.7412063196820002,0.7412063196819999,-3.3306690738754696e-16,0.1390665997407231,0.16207171391367114,0.6845759647542127
20,1,k20d1,4,0.2,0.20300626392949023,0,L4_nu0.2_d1_s0,0.28234839654780913,0.23174242172046652,0.8207676209743459,0.7969937360705097,0.34400528155902277,-0.45298845451148695,0.7054585075388253,0.705458507538825,-3.3306690738754696e-16,0.16008422592570315,0.19006499122400122,0.5494378356658316
20,1,k20d1,4,0.2,0.19872774450022043,1,L4_nu0.2_d1_s1,0.24306268401523617,0.20318661043180392,0.8359432516554756,0.8012722554997795,0.29076457466925243,-0.5105076808305271,0.7569019118797418,0.7569019118797414,-3.3306690738754696e-16,0.12999890121923308,0.15783883648630082,0.5542110987247211
20,1,k20d1,4,0.2,0.1925356836301582,2,L4_nu0.2_d1_s2,0.27581760870899186,0.24196981776482746,0.8772819795567283,0.8074643163698418,0.3144001759255976,-0.49306414044424424,0.7282361094586028,0.7282361094586025,-3.3306690738754696e-16,0.14663248863188916,0.1719904444546534,0.5612111172441145
20,1,k20d1,4,0.3,0.30136983762271835,0,L4_nu0.3_d1_s0,0.23296476916830444,0.19260923686561657,0.8267740978742877,0.6986301623772817,0.2817756020263314,-0.4168545603509503,0.7670492366857262,0.7670492366857269,6.661338147750939e-16,0.12418652859999568,0.15251879196428864,0.45102838176940485
20,1,k20d1,4,0.3,0.3261450973714625,1,L4_nu0.3_d1_s1,0.24586844875433847,0.21223468006519858,0.8632042099767533,0.6738549026285374,0.28483230956549654,-0.3890225930630409,0.7598860485532619,0.7598860485532619,0.0,0.1282855693787891,0.15432412211621915,0.42890885370944287
20,1,k20d1,4,0.3,0.28658535046189193,2,L4_nu0.3_d1_s2,0.19761353324652944,0.16447660207002077,0.8323144643379801,0.7134146495381081,0.2374265277291685,-0.47598812180893957,0.8110257054734612,0.8110257054734609,-3.3306690738754696e-16,0.09943034390811212,0.12674547108484369,0.46466332979900216
20,1,k20d1,4,0.5,0.5028941861869207,0,L4_nu0.5_d1_s0,0.17861711310819217,0.15126685646442403,0.8468777365850634,0.4971058138130793,0.2109125147491125,-0.2861932990639668,0.8364692874248186,0.8364692874248185,-1.1102230246251565e-16,0.08541305092144535,0.11169403624039109,0.29084967306859355
20,1,k20d1,4,0.5,0.4878039124524772,1,L4_nu0.5_d1_s1,0.1381045291463206,0.10810791454688759,0.7827977490321708,0.5121960875475229,0.17642427985653916,-0.3357718076909837,0.8764934605269022,0.876493460526902,-2.220446049250313e-16,0.06378770541778178,0.09248927271163299,0.3015703954925184
20,1,k20d1,4,0.5,0.49685177428857924,2,L4_nu0.5_d1_s2,0.22974234014690104,0.17916604201304495,0.7798564335093098,0.5031482257114208,0.29459568489173515,-0.20855254081968566,0.7607230596185899,0.7607230596185907,7.771561172376096e-16,0.12780560674893704,0.1601164871791655,0.2951228658208729
20,1,k20d1,4,0.7,0.6848723204912501,0,L4_nu0.7_d1_s0,0.08469891152949593,0.07837549687922045,0.9253424331424449,0.31512767950874987,0.09153250569290342,-0.22359517381584645,0.9550588989762672,0.9550588989762676,4.440892098500626e-16,0.022728850842169246,0.04686438829141604,0.17242986974441243
20,1,k20d1,4,0.7,0.7485480819536197,1,L4_nu0.7_d1_s1,0.07570189909144406,0.05592714491999245,0.7387812669327527,0.25145191804638034,0.10246862296027168,-0.14898329508610866,0.9517269894911047,0.9517269894911047,0.0,0.02443504086549686,0.05261867390172381,0.13481326758114254
20,1,k20d1,4,0.7,0.6733623237011437,2,L4_nu0.7_d1_s2,0.16797113418817294,0.1370747102800495,0.8160611103958426,0.3266376762988563,0.20583156340668657,-0.12080611289216975,0.8442787063897013,0.8442787063897012,-1.1102230246251565e-16,0.08115360021943752,0.10883871460138406,0.1794134270528528
20,1,k20d1,8,0.1,0.10051795573733979,0,L8_nu0.1_d1_s0,0.512055390142957,0.4417856744719804,0.8627693077279033,0.8994820442626602,0.593502093266914,-0.30597995099574615,0.44558561046246703,0.4455856104624676,5.551115123125783e-16,0.3324780075065189,0.36242811641895156,0.6829543317795688
20,1,k20d1,8,0.1,0.0998148539062848,1,L8_nu0.1_d1_s1,0.43532297504138884,0.3741693834537397,0.8595213322204395,0.9001851460937151,0.5064714030038088,-0.39371374308990637,0.534814964198277,0.5348149641982751,-1.887379141862766e-15,0.26868955689237073,0.2974840948446852,0.6840651112867007
20,1,k20d1,8,0.1,0.10213659025361428,2,L8_nu0.1_d1_s2,0.49259123035372165,0.4474580731781804,0.9083760440819626,0.8978634097463857,0.5422767735487256,-0.35558663619766007,0.4899027088118268,0.4899027088118282,1.3877787807814457e-15,0.30006949715573417,0.3234475434592863,0.6804118427513086
20,1,k20d1,8,0.2,0.20018610732687325,0,L8_nu0.2_d1_s0,0.38181808248173915,0.3302916280655416,0.8650497271337014,0.7998138926731267,0.4413828136179801,-0.35843107905514665,0.600140881698785,0.6001408816987862,1.2212453270876722e-15,0.22531239735052877,0.252593024930848,0.5525783785657277
20,1,k20d1,8,0.2,0.2057436543002399,1,L8_nu0.2_d1_s1,0.5061256898995992,0.43808823572027483,0.8655720198814231,0.7942563456997601,0.5847297258625973,-0.2095266198371628,0.4539324441350634,0.45393244413506273,-6.661338147750939e-16,0.32625491160598186,0.35558532439321133,0.5464102577215398
20,1,k20d1,8,0.2,0.20879695403201282,2,L8_nu0.2_d1_s2,0.3734726642239175,0.34656984702299415,0.9279657662313041,0.7912030459679872,0.4024638384459821,-0.3887392075220051,0.6322960262240082,0.6322960262240095,1.3322676295501878e-15,0.20482956152532417,0.22699536770209594,0.543056946620246
20,1,k20d1,8,0.3,0.3256720765170744,0,L8_nu0.3_d1_s0,0.29763247782746743,0.22729474619897802,0.7636758859721519,0.6743279234829256,0.389736645211187,-0.2845912782717386,0.6706650532340946,0.6706650532340942,-4.440892098500626e-16,0.1810585776539969,0.21880645497494478,0.429323141771918
20,1,k20d1,8,0.3,0.2964421310846857,1,L8_nu0.3_d1_s1,0.34781932745267824,0.2830256964760163,0.8137146907528383,0.7035578689153144,0.4274462921775202,-0.27611157673779413,0.6232357567468593,0.623235756746859,-2.220446049250313e-16,0.2105471788973965,0.243327212183179,0.45553500472051855
20,1,k20d1,8,0.3,0.2906361460386255,2,L8_nu0.3_d1_s2,0.41231764305159757,0.37345417435734457,0.905743861924944,0.7093638539613745,0.4552254344570595,-0.254138419504315,0.5801461795362838,0.5801461795362823,-1.4432899320127035e-15,0.23832672389253162,0.2619115462609237,0.46089319607463175
20,1,k20d1,8,0.5,0.5129370173972593,0,L8_nu0.5_d1_s0,0.14672860574508564,0.10679917083029973,0.7278687771070621,0.4870629826027407,0.2015866188521827,-0.285476363750558,0.8580020007986137,0.8580020007986136,-1.1102230246251565e-16,0.07371602583299885,0.10646019610326407,0.28380378568631115
20,1,k20d1,8,0.5,0.5079237733585789,1,L8_nu0.5_d1_s1,0.2405012538436222,0.21100208025969236,0.8773429530512524,0.49207622664142114,0.27412456327049645,-0.2179516633709247,0.7694494685594648,0.7694494685594635,-1.3322676295501878e-15,0.12281731175343824,0.1480167626475838,0.28731228903636985
20,1,k20d1,8,0.5,0.4930372757151419,2,L8_nu0.5_d1_s2,0.256340561711153,0.20101248059365115,0.7841618168105364,0.5069627242848581,0.32689753086139894,-0.18006519342345917,0.7282807331416628,0.7282807331416626,-1.1102230246251565e-16,0.14660634339030687,0.17957177697338988,0.2978338688635418
20,1,k20d1,8,0.7,0.7174115903605863,0,L8_nu0.7_d1_s0,0.2065496887542623,0.18785803538269838,0.9095052939353403,0.2825884096394137,0.22710113963223022,-0.055487270007183453,0.8153657561050394,0.8153657561050389,-4.440892098500626e-16,0.09702394488832689,0.12085333398358966,0.15299847086289964
20,1,k20d1,8,0.7,0.668339114452164,1,L8_nu0.7_d1_s1,0.2174425506170571,0.19196974121266144,0.8828526922071642,0.331660885547836,0.2462953928060668,-0.08536549274176922,0.7974861529179148,0.7974861529179142,-5.551115123125783e-16,0.10697919793662436,0.13183837495894046,0.18247989966474587
20,1,k20d1,8,0.7,0.7053066499164125,2,L8_nu0.7_d1_s2,0.18602855492764786,0.16755764495977837,0.9007092756536577,0.29469335008358755,0.2065356269287271,-0.08815772315486045,0.8371226528564931,0.8371226528564938,6.661338147750939e-16,0.08505592911014881,0.10923382806076831,0.16017463129742715
20,1,k20d1,16,0.1,0.10475942072121888,0,L16_nu0.1_d1_s0,0.5352127626582398,0.44492087375679223,0.8312972051469866,0.8952405792787811,0.6438284158114133,-0.25141216346736783,0.40224930475247567,0.4022493047524731,-2.55351295663786e-15,0.36576872928522697,0.40319887383770237,0.6763343998488272
20,1,k20d1,16,0.1,0.10133562936930561,1,L16_nu0.1_d1_s1,0.591533145668886,0.5311995936437944,0.898004782205622,0.8986643706306944,0.6587193714224997,-0.23994499920819468,0.37157332262382986,0.3715733226238327,2.831068712794149e-15,0.3904318556356231,0.41580771266859373,0.6816674233300877
20,1,k20d1,16,0.1,0.10277703457674407,2,L16_nu0.1_d1_s2,0.5890908324816571,0.5254427095048047,0.8919553327477147,0.897222965423256,0.6604488037163613,-0.2367741617068947,0.3709889090662512,0.37098890906625037,-8.326672684688674e-16,0.39091141115084815,0.4172897836114089,0.6794114247563646
20,1,k20d1,16,0.2,0.20538745144382745,0,L16_nu0.2_d1_s0,0.6557981197202697,0.623805094743551,0.9512151315859745,0.7946125485561726,0.6894319675369842,-0.10518058101918837,0.33101860056583643,0.331018600565834,-2.4424906541753444e-15,0.4246578404411542,0.44271368896857355,0.5468030765287264
20,1,k20d1,16,0.2,0.20254543528111296,1,L16_nu0.2_d1_s1,0.50002358496089,0.4591829239576884,0.9183225307134342,0.7974545647188871,0.5444966972251324,-0.2529578674937547,0.4861766078380222,0.48617660783802386,1.6653345369377348e-15,0.3027363426665476,0.3250901521129895,0.5499495191857774
20,1,k20d1,16,0.2,0.1968880295692324,2,L16_nu0.2_d1_s2,0.5682062018096897,0.5117678653857024,0.9006727905393572,0.8031119704307677,0.6308686215217252,-0.17224334890904247,0.3997670684970359,0.3997670684970378,1.887379141862766e-15,0.36772864330492094,0.39243816900806316,0.5562793338492871
20,1,k20d1,16,0.3,0.2883741607707786,0,L16_nu0.3_d1_s0,0.46168678683992864,0.3689901796634844,0.7992218754820396,0.7116258392292214,0.5776703578858733,-0.13395548134334812,0.4771670970004533,0.477167097000453,-2.7755575615628914e-16,0.30922717410102674,0.3501310577400034,0.462995194834554
20,1,k20d1,16,0.3,0.296632990010777,1,L16_nu0.3_d1_s1,0.48225269185089537,0.42567525918971505,0.8826809396459043,0.7033670099892231,0.5463499552220483,-0.15701705476717476,0.48988611252843933,0.4898861125284386,-7.216449660063518e-16,0.30008135292132754,0.3264645185456436,0.455359760933167
20,1,k20d1,16,0.3,0.29535808033473004,2,L16_nu0.3_d1_s2,0.4858642365868004,0.4349910483686442,0.8952934083489235,0.70464191966527,0.5426871593780842,-0.1619547602871858,0.4915130227766112,0.49151302277661124,5.551115123125783e-17,0.29892010243010736,0.32375090342247714,0.4565314357437681
20,1,k20d1,16,0.5,0.5236364712391621,0,L16_nu0.5_d1_s0,0.33656126085323446,0.3093214658646627,0.919064377999076,0.4763635287608379,0.36619987555819816,-0.11016365320263971,0.6707328708649615,0.6707328708649607,-7.771561172376096e-16,0.18101717303415854,0.20388435234458435,0.2763726986637651
20,1,k20d1,16,0.5,0.5048221982506801,1,L16_nu0.5_d1_s1,0.38293582087871697,0.3507527302281042,0.9159569596368323,0.4951778017493199,0.41807185026526483,-0.07710595148405508,0.6173434519592644,0.6173434519592652,7.771561172376096e-16,0.21428793317191286,0.23715784743189816,0.2894915917100769
20,1,k20d1,16,0.5,0.5315526120208384,2,L16_nu0.5_d1_s2,0.3251747867784586,0.29182070578527414,0.8974272226834469,0.46844738797916163,0.3623411219977654,-0.10610626598139622,0.6768800969390925,0.6768800969390932,7.771561172376096e-16,0.1772727688115019,0.2014645418002814,0.27092345256424666
20,1,k20d1,16,0.7,0.7125065964111472,0,L16_nu0.7_d1_s0,0.19323429080553597,0.16873260295846235,0.8732021747023605,0.2874934035888528,0.22129387260333128,-0.0661995309855215,0.8238273911994668,0.8238273911994674,5.551115123125783e-16,0.09235062320328413,0.1175567285107395,0.15589894182559683
20,1,k20d1,16,0.7,0.7195918569138335,1,L16_nu0.7_d1_s1,0.184554744062289,0.1788939836120517,0.9693274725664773,0.28040814308616646,0.19039462852904138,-0.09001351455712508,0.8508397963068716,0.8508397963068712,-3.3306690738754696e-16,0.07759022321591169,0.10021926478115872,0.15171239728861208
20,1,k20d1,16,0.7,0.688798033242506,2,L16_nu0.7_d1_s2,0.2464246258232651,0.2323247827782865,0.9427823294937618,0.311201966757494,0.2613801914972099,-0.049821775260284085,0.7778592919928419,0.777859291992842,1.1102230246251565e-16,0.11803668330658912,0.14057006771768177,0.17006142803066082
20,1,k20d1,32,0.1,0.09927425412732815,0,L32_nu0.1_d1_s0,0.704111562849015,0.6352863894256028,0.902252459617439,0.9007257458726718,0.7803930655368487,-0.12033268033582312,0.24529894425629445,0.2452989442562925,-1.942890293094024e-15,0.5047233659294086,0.5313776206121273,0.6849218285451559
20,1,k20d1,32,0.1,0.09799866124974722,1,L32_nu0.1_d1_s1,0.7470706295812953,0.6844901279130645,0.91623214835349,0.9020013387502528,0.8153726442843275,-0.08662869446592525,0.20612436235482415,0.20612436235482057,-3.58046925441613e-15,0.5459907904515326,0.5703171451923262,0.6869526213977392
20,1,k20d1,32,0.1,0.09554347284156353,2,L32_nu0.1_d1_s2,0.830949736149338,0.8087365118279161,0.9732676678804195,0.9044565271584365,0.8537730817247622,-0.05068344543367431,0.15640021393784398,0.1564002139378442,2.220446049250313e-16,0.6045253308518433,0.617603715662354,0.6908989277896895
20,1,k20d1,32,0.2,0.21801140329167437,0,L32_nu0.2_d1_s0,0.5674422303402414,0.49629679559861495,0.8746208319762043,0.7819885967083257,0.6487865479468476,-0.133202048761478,0.38659749513820074,0.3865974951382014,6.661338147750939e-16,0.3782303520288235,0.40736735488740383,0.5330830873788417
20,1,k20d1,32,0.2,0.20112314888769592,1,L32_nu0.2_d1_s1,0.6677993595459578,0.6305859421785336,0.9442745536732381,0.7988768511123041,0.7072088906221301,-0.091667960490174,0.31345792597768823,0.3134579259776913,3.0531133177191805e-15,0.440126866176195,0.45889824489485354,0.5515324438850722
20,1,k20d1,32,0.2,0.20421296358875937,2,L32_nu0.2_d1_s2,0.6138683685150631,0.5726069063369102,0.9327845116405596,0.7957870364112406,0.6581030890354362,-0.13768394737580436,0.3662398239899365,0.3662398239899385,1.9984014443252818e-15,0.3948224855549105,0.4152804852199956,0.5481007152154815
20,1,k20d1,32,0.3,0.29923815704354007,0,L32_nu0.3_d1_s0,0.5653590409159356,0.5270866190961143,0.9323042190006968,0.7007618429564599,0.6064104713823172,-0.09435137157414275,0.4200142063094372,0.4200142063094374,2.220446049250313e-16,0.3519149698462113,0.37263285978808003,0.452973348872708
20,1,k20d1,32,0.3,0.3266022476866077,1,L32_nu0.3_d1_s1,0.5410005688175773,0.5025676374014245,0.9289595360312602,0.6733977523133923,0.5823725876466724,-0.09102516466671984,0.44543811789619825,0.4454381178961986,3.3306690738754696e-16,0.3325884943333699,0.35375901371599183,0.4285087509973511
20,1,k20d1,32,0.3,0.3082626897292668,2,L32_nu0.3_d1_s2,0.49266962608163845,0.45412972806601215,0.9217733426715452,0.6917373102707332,0.5344802277029952,-0.15725708256773796,0.4960839894994354,0.49608398949943466,-7.216449660063518e-16,0.2956676995200097,0.3177099060538803,0.444785906402524
20,1,k20d1,32,0.5,0.5138126783821156,0,L32_nu0.5_d1_s0,0.40468655193271497,0.37745184944953475,0.9327017358172347,0.48618732161788436,0.43388635015043475,-0.05230097146744961,0.5992061531116271,0.5992061531116282,1.1102230246251565e-15,0.2259159263286532,0.24759475689654764,0.28319271879945607
20,1,k20d1,32,0.5,0.5052549548384571,1,L32_nu0.5_d1_s1,0.4020644850037413,0.37027427914924366,0.920932569176803,0.49474504516154294,0.4365840653926878,-0.05816097976885515,0.5976315951842981,0.5976315951842989,7.771561172376096e-16,0.22693364115084014,0.24938962529997477,0.28918711685953735
20,1,k20d1,32,0.5,0.5520266032854413,2,L32_nu0.5_d1_s2,0.38329008657791586,0.35880369724653743,0.9361152552887622,0.4479733967145587,0.4094475380167615,-0.03852585869779723,0.6242833392283782,0.6242833392283789,6.661338147750939e-16,0.20988397103439405,0.2315258872393693,0.25701507196616613
20,1,k20d1,32,0.7,0.6915706339032288,0,L32_nu0.7_d1_s0,0.24851302738793202,0.22901831008955847,0.9215545458389912,0.3084293660967712,0.2696671927994057,-0.038762173297365476,0.770541339809216,0.7705413398092165,4.440892098500626e-16,0.122195158472445,0.14540488697828702,0.16839274059010956
20,1,k20d1,32,0.7,0.6936068189221155,1,L32_nu0.7_d1_s1,0.24508744569039914,0.2172563625726616,0.886444272821324,0.3063931810778845,0.2764837601244226,-0.029909420953461885,0.7662186530632296,0.7662186530632303,7.771561172376096e-16,0.12466083541107931,0.1494024218964779,0.16716939362069816
20,1,k20d1,32,0.7,0.6701363234174308,2,L32_nu0.7_d1_s2,0.29250167978235464,0.28156846629103854,0.9626217069951485,0.3298636765825692,0.30385942645674086,-0.026004250125828354,0.7324866834117781,0.7324866834117774,-7.771561172376096e-16,0.1441456412380795,0.16564960985011878,0.18138145426735486
20,3,k20d3,2,0.1,0.10165376690355193,0,L2_nu0.1_d3_s0,0.025295443210295893,0.01362290645520713,0.5385517993083536,0.898346233096448,0.046969378326805505,-0.8513768547696425,1.0123508747118546,1.012350874711855,4.440892098500626e-16,-0.006156486194794031,0.023767127334264337,0.6811681212558067
20,3,k20d3,2,0.1,0.09958463309260114,1,L2_nu0.1_d3_s1,0.03840619170945881,0.03383246224116967,0.8809116638564634,0.9004153669073989,0.04359823270056821,-0.8568171342068307,1.0053284557101936,1.0053284557101936,0.0,-0.0026606882241835272,0.02204204216161121,0.6844296701326293
20,3,k20d3,2,0.1,0.10058304890381081,2,L2_nu0.1_d3_s2,0.03163735929130709,0.029877120505291583,0.9443620192884061,0.8994169510961891,0.03350130420868304,-0.8659156468875061,1.015108545897413,1.015108545897413,0.0,-0.007525952964693161,0.016893344651091824,0.6828516925730002
20,3,k20d3,2,0.2,0.19669471960812385,0,L2_nu0.2_d3_s0,0.030219910609214237,0.027588906516518578,0.9129380583973848,0.8033052803918761,0.03310181926500436,-0.7702034611268718,1.015769639972264,1.0157696399722642,2.220446049250313e-16,-0.007853977504808984,0.016690190868109078,0.5564972157831207
20,3,k20d3,2,0.2,0.20893253499462874,1,L2_nu0.2_d3_s1,0.017336884825884493,0.012409194110465252,0.7157683883287931,0.7910674650053713,0.024221361418829072,-0.7668461035865423,1.027114964753173,1.027114964753173,0.0,-0.013466804958688794,0.012184916808226198,0.5429086141758644
20,3,k20d3,2,0.2,0.1967368672267676,2,L2_nu0.2_d3_s2,0.03969748026905203,0.020531447577263454,0.5171977525553347,0.8032631327732325,0.0767549357531379,-0.7265081970200946,0.9901099146602963,0.9901099146602964,1.1102230246251565e-16,0.004957330231363244,0.03914357771472321,0.5564497015819203
20,3,k20d3,2,0.3,0.3062527993965573,0,L2_nu0.3_d3_s0,0.04837164107596089,0.03165150303089824,0.6543400704804285,0.6937472006034426,0.0739243143713414,-0.6198228862321012,0.9833256457274316,0.9833256457274316,0.0,0.008372224205356549,0.03767173707270832,0.44659888019940064
20,3,k20d3,2,0.3,0.3039502717682479,1,L2_nu0.3_d3_s1,0.06003867710478146,0.046772537122959916,0.779040101788568,0.6960497282317522,0.0770675052117869,-0.6189822230199653,0.9743565560572492,0.974356556057249,-2.220446049250313e-16,0.012904991372537977,0.039306242974269545,0.44868314757460215
20,3,k20d3,2,0.3,0.2915717189908582,2,L2_nu0.3_d3_s2,0.03680847964295265,0.024557931056395966,0.6671813477386542,0.7084282810091418,0.05517012693432061,-0.6532581540748212,0.9997130752176708,0.9997130752176708,0.0,0.00014347268337000507,0.027976403030420482,0.4600261867545259
20,3,k20d3,2,0.5,0.4935313362679423,0,L2_nu0.5_d3_s0,0.013489758027822924,0.01138422307423671,0.8439160325008424,0.5064686637320577,0.01598471590573729,-0.4904839478263204,1.033835495864879,1.033835495864879,0.0,-0.016777013835815868,0.008024554691870023,0.29748214523192196
20,3,k20d3,2,0.5,0.48310425366041587,1,L2_nu0.5_d3_s1,0.0016615828570628725,-0.0048665019353279736,-2.9288349447287483,0.5168957463395841,,,1.0420536574473127,1.0420536574473127,0.0,-0.020810294544149288,,0.3049429853167326
20,3,k20d3,2,0.5,0.4758044527701365,2,L2_nu0.5_d3_s2,-0.010217885707006057,-0.0034934559777911713,,0.5241955472298635,,,1.0671169882351108,1.0671169882351106,-2.220446049250313e-16,-0.03301354697560033,,0.3102141979062366
20,3,k20d3,2,0.7,0.7215482178950118,0,L2_nu0.7_d3_s0,0.013433248620145229,0.010858586421131562,0.8083365928958864,0.2784517821049882,0.016618384888429056,-0.2618333972165592,1.0334491598597848,1.0334491598597846,-2.220446049250313e-16,-0.016587015390116422,0.008344003642608455,0.15056005633416802
20,3,k20d3,2,0.7,0.707458534194267,1,L2_nu0.7_d3_s1,-0.002242453921520923,0.0008863270848202835,,0.29254146580573304,0.0056735258080984775,-0.28686793999763455,1.0553269185736212,1.0553269185736212,0.0,-0.027291058353775988,0.002840797970604103,0.15889445716113193
20,3,k20d3,2,0.7,0.6790690903933987,2,L2_nu0.7_d3_s2,0.02687200136801583,0.026802373325330198,0.9974089000021968,0.3209309096066013,0.02694181029260581,-0.2939890993139955,1.0217182519230317,1.0217182519230321,4.440892098500626e-16,-0.010800797349819868,0.01356288101704417,0.17594351504681505
20,3,k20d3,4,0.1,0.10097454096003174,0,L4_nu0.1_d3_s0,0.021514438609282656,0.03683852379505113,1.712269813963759,0.8990254590399682,0.012564864739090716,-0.8864605943008775,1.0419677203867332,1.0419677203867332,0.0,-0.02076820110480182,0.0063022918105781756,0.6822350853853878
20,3,k20d3,4,0.1,0.10113191589721468,1,L4_nu0.1_d3_s1,0.1491835852261023,0.12416575242569765,0.8323017055630638,0.8988680841027853,0.17924219574340233,-0.7196258883593829,0.8695902943522081,0.8695902943522082,1.1102230246251565e-16,0.06748174583431976,0.09404315541158492,0.681987553864295
20,3,k20d3,4,0.1,0.10079317791392006,2,L4_nu0.1_d3_s2,0.03947788777515996,0.027560610017838837,0.6981277766127183,0.8992068220860799,0.05654822669670118,-0.8426585953893787,0.997226803966627,0.9972268039666269,-1.1102230246251565e-16,0.0013875606790054729,0.02868554355281072,0.6825205866297468
20,3,k20d3,4,0.2,0.20914184155646576,0,L4_nu0.2_d3_s0,0.03160813576086237,0.023952331161770368,0.7577900621215528,0.7908581584435342,0.04171093993021023,-0.749147218513324,1.0095384430819574,1.0095384430819572,-2.220446049250313e-16,-0.004757902721823637,0.021077602631449754,0.5426797166574986
20,3,k20d3,4,0.2,0.201621301631611,1,L4_nu0.2_d3_s1,0.026783496790908676,0.05798758950979393,2.1650492451559606,0.798378698368389,0.012370848769760572,-0.7860078495986285,1.051521216452487,1.051521216452487,0.0,-0.025437085565217288,0.006204673370698854,0.5509773929615447
20,3,k20d3,4,0.2,0.19823714768516934,2,L4_nu0.2_d3_s2,0.039603804861832376,0.04408734874036133,1.1132099275352685,0.8017628523148307,0.03557622321022434,-0.7661866291046063,1.0126753715796781,1.0126753715796786,4.440892098500626e-16,-0.006317728940357092,0.017949198467932748,0.5547616956222552
20,3,k20d3,4,0.3,0.2876921234235698,0,L4_nu0.3_d3_s0,0.14012969984081985,0.10911742229177639,0.7786887605962775,0.7123078765764301,0.17995598104371788,-0.5323518955327122,0.8734021514955478,0.8734021514955478,0.0,0.06544012952858513,0.09443718110984589,0.4636306091660619
20,3,k20d3,4,0.3,0.30324419573447015,1,L4_nu0.3_d3_s1,0.034633385267988585,0.028282495983288632,0.8166252234496395,0.6967558042655299,0.04241037904963071,-0.6543454252158991,1.0076016006481474,1.0076016006481472,-2.220446049250313e-16,-0.0037936046061199935,0.02143491736606029,0.44932387401080287
20,3,k20d3,4,0.3,0.2855262868710735,2,L4_nu0.3_d3_s2,0.021537105775495436,0.027574181536210926,1.2803104476361153,0.7144737131289265,0.016821783978456312,-0.6976519291504701,1.0331212609084093,1.0331212609084097,4.440892098500626e-16,-0.01642572818106558,0.008446564212728047,0.46565340192804305
20,3,k20d3,4,0.5,0.4771592003835515,0,L4_nu0.5_d3_s0,0.05229434359180388,0.03898070571710077,0.7454095995806751,0.5228407996164486,0.07015517860411469,-0.4526856210123339,0.9824429832476378,0.982442983247638,2.220446049250313e-16,0.008817381484301001,0.03571538361545701,0.30923288990894227
20,3,k20d3,4,0.5,0.5012090694338704,1,L4_nu0.5_d3_s1,0.03746694687560014,0.021754564864940658,0.5806335097751996,0.49879093056612955,0.06452770335302556,-0.434263227213104,0.9957329428704932,0.9957329428704933,1.1102230246251565e-16,0.002135809405662048,0.03280183175991569,0.29203879383551645
20,3,k20d3,4,0.5,0.49111189177357567,2,L4_nu0.5_d3_s2,0.07134556482049767,0.06933076606996211,0.971759999999934,0.5088881082264243,0.07341891497952428,-0.4354691932469,0.9731730981254687,0.9731730981254687,0.0,0.013504638568701322,0.03740918089747203,0.2992062416276985
20,3,k20d3,4,0.7,0.6796449272020181,0,L4_nu0.7_d3_s0,0.011670189872747153,0.011716889363583128,1.0040016050591456,0.3203550727979819,0.01162367651001879,-0.30873139628796314,1.0377906651499098,1.0377906651499098,0.0,-0.018720111291570474,0.005828825860465181,0.17559419749614935
20,3,k20d3,4,0.7,0.7372344492691736,1,L4_nu0.7_d3_s1,-0.007495610997861031,0.0028859062900862885,,0.2627655507308264,0.01946847145531373,-0.2432970792755127,1.0677328329713043,1.067732832971304,-2.220446049250313e-16,-0.033311585617476824,0.009782080274909233,0.14137642166711173
20,3,k20d3,4,0.7,0.7331160554975283,2,L4_nu0.7_d3_s2,0.017501399198962302,0.010145302560833925,0.5796852266209357,0.26688394450247166,0.030191211359620718,-0.23669273314285094,1.0246352390348679,1.0246352390348676,-2.220446049250313e-16,-0.012242677935912605,0.015211297465096196,0.14377803374502918
20,3,k20d3,8,0.1,0.09933236455072053,0,L8_nu0.1_d3_s0,0.26768875762204103,0.2283779063959352,0.8531471714564488,0.9006676354492795,0.31376621358898327,-0.5869014218602963,0.7315814958320564,0.7315814958320563,-1.1102230246251565e-16,0.14467462575224832,0.17160770983125584,0.6848296261532176
20,3,k20d3,8,0.1,0.10196148876750673,1,L8_nu0.1_d3_s1,0.10981017764811082,0.07186632134811571,0.6544595672945085,0.8980385112324932,0.16778756570411013,-0.7302509455283831,0.898652649984488,0.8986526499844882,2.220446049250313e-16,0.05202708372839682,0.08774321910117333,0.6806859089117633
20,3,k20d3,8,0.1,0.10321421461709192,2,L8_nu0.1_d3_s2,0.13945281765793507,0.08034311819919444,0.5761311929621151,0.8967857853829081,0.24205045545434498,-0.6547353299285631,0.8474203269733646,0.8474203269733647,1.1102230246251565e-16,0.07944564148912714,0.129397022434649,0.6787303085924663
20,3,k20d3,8,0.2,0.20103531139094064,0,L8_nu0.2_d3_s0,0.13546572855967304,0.08309602365752462,0.6134099343135381,0.7989646886090593,0.2208404542897917,-0.5781242343192676,0.8580097653553022,0.8580097653553024,2.220446049250313e-16,0.07371183460258857,0.11729985515453312,0.551630385294743
20,3,k20d3,8,0.2,0.19673881194686366,1,L8_nu0.2_d3_s1,0.09168361453508851,0.06587198154228574,0.718470599968282,0.8032611880531364,0.12760941719694033,-0.6756517708561961,0.9292111533949942,0.9292111533949946,4.440892098500626e-16,0.03604400857975154,0.06598148690560757,0.5564475093668578
20,3,k20d3,8,0.2,0.19832475979900033,2,L8_nu0.2_d3_s2,0.1877996527286597,0.13766872268863703,0.7330616467515315,0.8016752402009997,0.2561853475227762,-0.5454898926782235,0.8051859810968847,0.8051859810968858,1.1102230246251565e-15,0.10267844052598141,0.1375531016478616,0.5546633186015323
20,3,k20d3,8,0.3,0.31028123606680613,0,L8_nu0.3_d3_s0,0.11271249585563665,0.06262176968839286,0.5555885282551056,0.6897187639331939,0.20287045200451523,-0.4868483119286786,0.8840656894926994,0.8840656894927,6.661338147750939e-16,0.05975232545211828,0.1071788824207367,0.4429710635282884
20,3,k20d3,8,0.3,0.2970623198975233,1,L8_nu0.3_d3_s1,0.07859253593654707,0.05791834986684878,0.7369446624500078,0.7029376801024767,0.1066464552104393,-0.5962912248920373,0.9478373605004121,0.9478373605004121,0.0,0.026430608276733047,0.05482618276342388,0.45496576263731536
20,3,k20d3,8,0.3,0.32170497668435427,2,L8_nu0.3_d3_s2,0.048636238665037,0.05852128056594506,1.2032443744054182,0.6782950233156457,0.040420915068953095,-0.6378741082466927,1.008322739207574,1.008322739207574,0.0,-0.004152746950170982,0.020418923758198093,0.4328095763463965
20,3,k20d3,8,0.5,0.47779825203153853,0,L8_nu0.5_d3_s0,0.09164869959817622,0.057569979348545235,0.6281592603163445,0.5222017479684615,0.14590041950829702,-0.3763013284601645,0.9213940811847658,0.9213940811847656,-2.220446049250313e-16,0.04010725537445292,0.07582491891865917,0.3087704780382
20,3,k20d3,8,0.5,0.47463056106898144,1,L8_nu0.5_d3_s1,0.18944359548586984,0.14000302159868658,0.739022194123892,0.5253694389310186,0.2563435807370501,-0.2690258581939685,0.8041156795470122,0.8041156795470126,3.3306690738754696e-16,0.10327502569237412,0.13764484157456913,0.31106563370014595
20,3,k20d3,8,0.5,0.48837469454784893,2,L8_nu0.5_d3_s2,0.03749285488061123,0.037656479492678654,1.0043641545192665,0.5116253054521511,0.03732994124880629,-0.47429536420334484,1.0107879457568223,1.0107879457568223,0.0,-0.005379503350263493,0.01884249034561547,0.30116189675444216
20,3,k20d3,8,0.7,0.6729054741180146,0,L8_nu0.7_d3_s0,0.06072636266135038,0.04377802818143756,0.7209064772341506,0.3270945258819854,0.08423611741475094,-0.24285840846723444,0.9701364014496646,0.9701364014496648,2.220446049250313e-16,0.015044974910191855,0.04304447199190642,0.17969184197765375
20,3,k20d3,8,0.7,0.6928948174086277,1,L8_nu0.7_d3_s1,0.07903135210497123,0.05556464840610035,0.7030709576156324,0.3071051825913723,0.11240878498664642,-0.1946963976047259,0.9447237117758531,0.9447237117758529,-2.220446049250313e-16,0.028031012955735735,0.057879405270560125,0.16759696215797737
20,3,k20d3,8,0.7,0.715061543141336,2,L8_nu0.7_d3_s2,0.046573177707303855,0.050359774597165174,1.0813042415456116,0.28493845685866404,0.04307129845410794,-0.24186715840455608,1.0046954304526992,1.0046954304526992,0.0,-0.0023449657940619595,0.021772673891241157,0.15438688329630557
20,3,k20d3,16,0.1,0.09837907952651037,0,L16_nu0.1_d3_s0,0.38943850710511335,0.3295469690851371,0.8462105392063581,0.9016209204734896,0.46021467360872037,-0.44140624686476926,0.5841926064206534,0.5841926064206536,2.220446049250313e-16,0.23567506489670675,0.26529915857453956,0.6863456049622285
20,3,k20d3,16,0.1,0.09973794513292117,1,L16_nu0.1_d3_s1,0.3409572156990819,0.3120525534678883,0.9152249581463502,0.9002620548670788,0.37253924585889703,-0.5277228090081818,0.6645354943963293,0.6645354943963302,8.881784197001252e-16,0.18480953489608987,0.2078757962660761,0.6841868509182666
20,3,k20d3,16,0.1,0.09789302998861832,2,L16_nu0.1_d3_s2,0.2616859715972284,0.22274700004764741,0.8511996217760058,0.9021069700113817,0.3074319641393019,-0.5946750058720798,0.7382377068508098,0.7382377068508084,-1.4432899320127035e-15,0.140792395953801,0.16779327336250283,0.6871213813815039
20,3,k20d3,16,0.2,0.2002539551601972,0,L16_nu0.2_d3_s0,0.3396108442684069,0.258232671593219,0.7603781679866743,0.7997460448398028,0.44663413360174037,-0.35311191123806246,0.6160993494767443,0.6160993494767443,0.0,0.21508003626054695,0.25611434588489357,0.5525025640741645
20,3,k20d3,16,0.2,0.1958237521324397,1,L16_nu0.2_d3_s1,0.14668539584311366,0.12985578070047607,0.8852672752736913,0.8041762478675603,0.1656961687618737,-0.6384800791056866,0.8799921999792246,0.8799921999792248,2.220446049250313e-16,0.06192100546956891,0.08659766190460938,0.557480224021073
20,3,k20d3,16,0.2,0.19693258823926196,2,L16_nu0.2_d3_s2,0.35099798910586416,0.3003762103207643,0.8557775817632052,0.803067411760738,0.4101509511182612,-0.3929164606424768,0.6333614215929982,0.6333614215929978,-4.440892098500626e-16,0.20415992712543163,0.23198369230742322,0.556229126418529
20,3,k20d3,16,0.3,0.2938240090832311,0,L16_nu0.3_d3_s0,0.21971166952527166,0.1493716395288103,0.6798530084977088,0.7061759909167689,0.32317525520814416,-0.3830007357086247,0.7524797185018276,0.7524797185018266,-9.992007221626409e-16,0.13254411149509882,0.1773064089274453,0.4579446438939736
20,3,k20d3,16,0.3,0.29100127730349556,1,L16_nu0.3_d3_s1,0.09607128983374685,0.07206679851033063,0.7501387629440965,0.7089987226965044,0.1280713577001306,-0.5809273649963739,0.9263208789173207,0.9263208789173204,-3.3306690738754696e-16,0.03754434963613995,0.06622880623791494,0.46055465772379167
20,3,k20d3,16,0.3,0.28274728469867655,2,L16_nu0.3_d3_s2,0.249836332271945,0.17607371360642118,0.7047562378348008,0.7172527153013235,0.3545003489994056,-0.36275236630191793,0.7175973633822104,0.7175973633822101,-2.220446049250313e-16,0.15288881285736144,0.19657007088321987,0.4682601343714423
20,3,k20d3,16,0.5,0.4742979090743352,0,L16_nu0.5_d3_s0,0.25120191072116327,0.2210503813001162,0.8799709391760336,0.5257020909256648,0.2854661438664983,-0.24023594705916645,0.757594040792783,0.7575940407927839,8.881784197001252e-16,0.1296012173763207,0.15469895532212796,0.31130710104260895
20,3,k20d3,16,0.5,0.5090862501073311,1,L16_nu0.5_d3_s1,0.20730487280780982,0.15323826264856638,0.7391927675073608,0.4909137498926689,0.28044764765064545,-0.21046610224202345,0.7809666039005181,0.7809666039005183,2.220446049250313e-16,0.11627685110068653,0.151735682496691,0.2864971968469002
20,3,k20d3,16,0.5,0.4816755216292245,2,L16_nu0.5_d3_s2,0.221122530590603,0.17418268022392375,0.7877201828266611,0.5183244783707754,0.280712028727162,-0.23761244964361344,0.7732284850315215,0.7732284850315215,0.0,0.12066588543857715,0.15189153330907135,0.3059715267878237
20,3,k20d3,16,0.7,0.6777507914842619,0,L16_nu0.7_d3_s0,0.13980370033281236,0.11651957060791038,0.8334512629531801,0.32224920851573813,0.16774070248264292,-0.1545085060330952,0.8810861914118905,0.8810861914118903,-2.220446049250313e-16,0.06133808460559642,0.08771753413903816,0.17674378746087682
20,3,k20d3,16,0.7,0.7033336232153478,1,L16_nu0.7_d3_s1,0.11332957282191244,0.10247417044562403,0.9042138595779696,0.29666637678465224,0.12533492118203937,-0.17133145560261287,0.9206913162795175,0.9206913162795178,3.3306690738754696e-16,0.04047338948858881,0.06476469334292101,0.16135011881277428
20,3,k20d3,16,0.7,0.7392170429302191,2,L16_nu0.7_d3_s2,0.056186500024742,0.042420233327955935,0.7549897806283712,0.26078295706978094,0.07442021265238648,-0.18636274441739448,0.9779262216120741,0.9779262216120741,0.0,0.011098477293075448,0.037929427044141706,0.14022267828802382
20,3,k20d3,32,0.1,0.10382739497637039,0,L32_nu0.1_d3_s0,0.535220636912676,0.42107224186225733,0.7867264690897139,0.8961726050236296,0.6803134989622962,-0.2158591060613334,0.37957735594379244,0.3795773559437925,5.551115123125783e-17,0.3839015046733254,0.4345917395034772,0.677777413925761
20,3,k20d3,32,0.1,0.10090563573993647,1,L32_nu0.1_d3_s1,0.5023457277656134,0.41738449151343565,0.8308709887310531,0.8990943642600635,0.6046013575859958,-0.29449300667406775,0.4418238114065353,0.44182381140653715,1.8318679906315083e-15,0.3353017140036125,0.37119268260141547,0.6823435255815861
20,3,k20d3,32,0.1,0.09899023805382383,2,L32_nu0.1_d3_s2,0.3709133766208981,0.27962523392290534,0.7538828512208222,0.9010097619461762,0.49200399773021597,-0.40900576421596024,0.5738172189849619,0.5738172189849639,1.9984014443252818e-15,0.2424927597805009,0.2872616172326735,0.6853728586821795
20,3,k20d3,32,0.2,0.1930705011360857,0,L32_nu0.2_d3_s0,0.47373168086269135,0.3607373661839215,0.7614803500728492,0.8069294988639143,0.6221193768392979,-0.18481012202461644,0.44523713614934296,0.4452371361493428,-1.6653345369377348e-16,0.33273907940795533,0.3852800449304561,0.5606021152348526
20,3,k20d3,32,0.2,0.19840450563538878,1,L32_nu0.2_d3_s1,0.35379515045435095,0.30703645477591146,0.8678368100343066,0.8015954943646112,0.4076747452558103,-0.39392074910880087,0.6340943311284134,0.634094331128414,5.551115123125783e-16,0.2036995974329704,0.23037330169478287,0.5545737932772828
20,3,k20d3,32,0.2,0.19566559866531208,2,L32_nu0.2_d3_s2,0.5180474473163891,0.46255660331391785,0.8928846299891502,0.8043344013346879,0.5801952793416145,-0.2241391219930734,0.45333387851544327,0.45333387851544393,6.661338147750939e-16,0.3266992659179382,0.3520766089587555,0.5576589566123079
20,3,k20d3,32,0.3,0.31020751603134594,0,L32_nu0.3_d3_s0,0.39552340494942706,0.3240339155873564,0.8192534538601791,0.689792483968654,0.48278515407629946,-0.20700732989235454,0.5667854099091355,0.5667854099091345,-9.992007221626409e-16,0.24714848083494212,0.28082349459697975,0.4430372399959348
20,3,k20d3,32,0.3,0.2919243598841578,1,L32_nu0.3_d3_s1,0.37965261375717185,0.328724558357409,0.8658561707352376,0.7080756401158421,0.43847076060541523,-0.2696048795104269,0.6029831029251961,0.6029831029251949,-1.2212453270876722e-15,0.22348013359270968,0.25064745320070825,0.45969975024607124
20,3,k20d3,32,0.3,0.2917696016601462,2,L32_nu0.3_d3_s2,0.522428335404099,0.47380471381359435,0.9069276716147215,0.7082303983398538,0.5760418959032884,-0.13218850243656544,0.4552578073147154,0.45525780731471643,1.0547118733938987e-15,0.32527204940456533,0.34887934751175986,0.4598429842535171
20,3,k20d3,32,0.5,0.5437543004398074,0,L32_nu0.5_d3_s0,0.2555489418708586,0.20661144441313622,0.8085004887930514,0.45624569956019256,0.31607765909003727,-0.1401680404701553,0.7351829884507629,0.7351829884507622,-6.661338147750939e-16,0.14257187563576912,0.17300402606181764,0.2626030238468512
20,3,k20d3,32,0.5,0.4940727196654925,1,L32_nu0.5_d3_s1,0.2129297718321846,0.1708506146048281,0.802380114038162,0.5059272803345075,0.2653726931996939,-0.2405545871348136,0.7864485402102177,0.7864485402102176,-1.1102230246251565e-16,0.11318066089523193,0.1428959766747644,0.2970969343746661
20,3,k20d3,32,0.5,0.5098979516772533,2,L32_nu0.5_d3_s2,0.3119247721162768,0.29663074332548023,0.9509688548074169,0.49010204832274673,0.3280073480213455,-0.16209470030140122,0.7079496619266541,0.7079496619266528,-1.3322676295501878e-15,0.15860255412400137,0.18024842056958834,0.2859286088371462
20,3,k20d3,32,0.7,0.6848700452032233,0,L32_nu0.7_d3_s0,0.16990763707611312,0.1457912723572158,0.8580619144971455,0.31512995479677675,0.19801326012200993,-0.11711669467476682,0.8486864345871277,0.8486864345871288,1.1102230246251565e-15,0.07875821057274668,0.10446287632617368,0.17243124442544155
20,3,k20d3,32,0.7,0.694204425866905,1,L32_nu0.7_d3_s1,0.17999981788005912,0.1441583430144996,0.8008804937267098,0.305795574133095,0.22475240599564625,-0.08104316813744875,0.8269507901036568,0.8269507901036564,-4.440892098500626e-16,0.09063165323194977,0.11951854420189312,0.1668106902588674
20,3,k20d3,32,0.7,0.6643470443615263,2,L32_nu0.7_d3_s2,0.23289758533694124,0.19972205988253472,0.8575531583704042,0.33565295563847375,0.2715838465098923,-0.06406910912858144,0.7739407862145259,0.7739407862145256,-3.3306690738754696e-16,0.12026095561551553,0.146527004826686,0.18492512959757723
